TimeUTC,timestampInMs,requestPath,requestMethod,requestQueryString,responseStatusCode,requestId,requestUserAgent,level,environment,branch,vercelCache,type,function,host,deploymentDomain,deploymentId,durationMs,region,maxMemoryUsed,memorySize,message,projectId,traceId,sessionId,invocationId,instanceId,concurrency
2026-02-02 15:00:24,1770044424208,agencia-crm-saas-3x1bl5qug-flipols-projects.vercel.app/icon.png,GET,b4076698f618dbc1,200,fx8pr-1770044424208-21905a805c55,node,,production,main,HIT,static,/icon.png,agencia-crm-saas-3x1bl5qug-flipols-projects.vercel.app,agencia-crm-saas-3x1bl5qug-flipols-projects.vercel.app,dpl_95inDkQXXnAo7bFBw594YCB4dqte,17,sfo1,,,,prj_4lWcEkMJHXTC1JI2aKjee3xfrJyQ,,,,,
2026-02-02 15:00:23,1770044423939,agencia-crm-saas-3x1bl5qug-flipols-projects.vercel.app/icon.png,GET,b4076698f618dbc1,401,jhpjp-1770044423939-8958cfb7d526,vercel-favicon/1.0,,production,main,,static,/icon.png,agencia-crm-saas-3x1bl5qug-flipols-projects.vercel.app,agencia-crm-saas-3x1bl5qug-flipols-projects.vercel.app,dpl_95inDkQXXnAo7bFBw594YCB4dqte,1,sfo1,,,,prj_4lWcEkMJHXTC1JI2aKjee3xfrJyQ,,,,,
2026-02-02 15:00:23,1770044423922,agencia-crm-saas-3x1bl5qug-flipols-projects.vercel.app/icon.png,GET,b4076698f618dbc1,401,lgvqx-1770044423922-156c4f380cbd,vercel-favicon/1.0,,production,main,,static,/icon.png,agencia-crm-saas-3x1bl5qug-flipols-projects.vercel.app,agencia-crm-saas-3x1bl5qug-flipols-projects.vercel.app,dpl_95inDkQXXnAo7bFBw594YCB4dqte,5,sfo1,,,,prj_4lWcEkMJHXTC1JI2aKjee3xfrJyQ,,,,,
2026-02-02 15:00:24,1770044424030,agencia-crm-saas.vercel.app/api/cron/email-sync,GET,secret=aurie-maquina-2026,200,xnzgq-1770044423533-a3060b05357c,Mozilla/4.0 (compatible; cron-job.org; http://cron-job.org/abuse/),info,production,main,MISS,function,/api/cron/email-sync,agencia-crm-saas.vercel.app,agencia-crm-saas.vercel.app,dpl_95inDkQXXnAo7bFBw594YCB4dqte,,,,,[Sync] Iniciando sincronización global de emails via IMAP...,prj_4lWcEkMJHXTC1JI2aKjee3xfrJyQ,,,,,
2026-02-02 15:00:25,1770044425509,agencia-crm-saas.vercel.app/api/cron/email-sync,GET,secret=aurie-maquina-2026,200,xnzgq-1770044423533-a3060b05357c,Mozilla/4.0 (compatible; cron-job.org; http://cron-job.org/abuse/),error,production,main,MISS,function,/api/cron/email-sync,agencia-crm-saas.vercel.app,agencia-crm-saas.vercel.app,dpl_95inDkQXXnAo7bFBw594YCB4dqte,,,,,"(node:4) [DEP0005] DeprecationWarning: Buffer() is deprecated due to security and usability issues. Please use the Buffer.alloc(), Buffer.allocUnsafe(), or Buffer.from() methods instead.
(Use `node --trace-deprecation ...` to show where the warning was created)",prj_4lWcEkMJHXTC1JI2aKjee3xfrJyQ,,,,,
2026-02-02 15:00:35,1770044435902,agencia-crm-saas.vercel.app/api/cron/email-sync,GET,secret=aurie-maquina-2026,200,xnzgq-1770044423533-a3060b05357c,Mozilla/4.0 (compatible; cron-job.org; http://cron-job.org/abuse/),info,production,main,MISS,function,/api/cron/email-sync,agencia-crm-saas.vercel.app,agencia-crm-saas.vercel.app,dpl_95inDkQXXnAo7bFBw594YCB4dqte,,,,,[Sync] Sincronización completada. 0 correos nuevos notificados.,prj_4lWcEkMJHXTC1JI2aKjee3xfrJyQ,,,,,
2026-02-02 15:00:23,1770044423533,agencia-crm-saas.vercel.app/api/cron/email-sync,GET,secret=aurie-maquina-2026,200,xnzgq-1770044423533-a3060b05357c,Mozilla/4.0 (compatible; cron-job.org; http://cron-job.org/abuse/),,production,main,MISS,function,/api/cron/email-sync,agencia-crm-saas.vercel.app,agencia-crm-saas.vercel.app,dpl_95inDkQXXnAo7bFBw594YCB4dqte,12241,iad1,308,2048,,prj_4lWcEkMJHXTC1JI2aKjee3xfrJyQ,,,01KGFDWZHS9KN3A5YE6F9HJQNY,RkbKcTqK7eC1,1
2026-02-02 14:55:07,1770044107648,agencia-crm-saas.vercel.app/api/cron/email-sync,GET,secret=aurie-maquina-2026,200,9dd7g-1770044105394-aada03d4b58c,Mozilla/4.0 (compatible; cron-job.org; http://cron-job.org/abuse/),error,production,main,MISS,function,/api/cron/email-sync,agencia-crm-saas.vercel.app,agencia-crm-saas.vercel.app,dpl_95inDkQXXnAo7bFBw594YCB4dqte,,,,,"(node:4) [DEP0005] DeprecationWarning: Buffer() is deprecated due to security and usability issues. Please use the Buffer.alloc(), Buffer.allocUnsafe(), or Buffer.from() methods instead.
(Use `node --trace-deprecation ...` to show where the warning was created)",prj_4lWcEkMJHXTC1JI2aKjee3xfrJyQ,,,,,
2026-02-02 14:55:06,1770044106171,agencia-crm-saas.vercel.app/api/cron/email-sync,GET,secret=aurie-maquina-2026,200,9dd7g-1770044105394-aada03d4b58c,Mozilla/4.0 (compatible; cron-job.org; http://cron-job.org/abuse/),info,production,main,MISS,function,/api/cron/email-sync,agencia-crm-saas.vercel.app,agencia-crm-saas.vercel.app,dpl_95inDkQXXnAo7bFBw594YCB4dqte,,,,,[Sync] Iniciando sincronización global de emails via IMAP...,prj_4lWcEkMJHXTC1JI2aKjee3xfrJyQ,,,,,
2026-02-02 14:55:17,1770044117316,agencia-crm-saas.vercel.app/api/cron/email-sync,GET,secret=aurie-maquina-2026,200,9dd7g-1770044105394-aada03d4b58c,Mozilla/4.0 (compatible; cron-job.org; http://cron-job.org/abuse/),info,production,main,MISS,function,/api/cron/email-sync,agencia-crm-saas.vercel.app,agencia-crm-saas.vercel.app,dpl_95inDkQXXnAo7bFBw594YCB4dqte,,,,,[Sync] Sincronización completada. 0 correos nuevos notificados.,prj_4lWcEkMJHXTC1JI2aKjee3xfrJyQ,,,,,
2026-02-02 14:55:05,1770044105394,agencia-crm-saas.vercel.app/api/cron/email-sync,GET,secret=aurie-maquina-2026,200,9dd7g-1770044105394-aada03d4b58c,Mozilla/4.0 (compatible; cron-job.org; http://cron-job.org/abuse/),,production,main,MISS,function,/api/cron/email-sync,agencia-crm-saas.vercel.app,agencia-crm-saas.vercel.app,dpl_95inDkQXXnAo7bFBw594YCB4dqte,11784,iad1,352,2048,,prj_4lWcEkMJHXTC1JI2aKjee3xfrJyQ,,,01KGFDK90JYT7B2MT241VMF2A6,2WgVgWomZplT,1
2026-02-02 14:51:44,1770043904025,agencia-crm-saas-3x1bl5qug-flipols-projects.vercel.app/_next/static/chunks/5586-26e3d2844610d66d.js,GET,,401,vttb4-1770043904025-8a465a6a620f,"Mozilla/5.0 (X11; Linux x86_64) AppleWebKit/537.36 (KHTML, like Gecko) HeadlessChrome/141.0.7390.0 Safari/537.36",,production,main,,static,/_next/static/chunks/5586-26e3d2844610d66d.js,agencia-crm-saas-3x1bl5qug-flipols-projects.vercel.app,agencia-crm-saas-3x1bl5qug-flipols-projects.vercel.app,dpl_95inDkQXXnAo7bFBw594YCB4dqte,,sfo1,,,,prj_4lWcEkMJHXTC1JI2aKjee3xfrJyQ,,,,,
2026-02-02 14:51:43,1770043903424,agencia-crm-saas-3x1bl5qug-flipols-projects.vercel.app/,GET,_rsc=9c17x,200,bjt44-1770043903424-7403dcf2b5b5,"Mozilla/5.0 (X11; Linux x86_64) AppleWebKit/537.36 (KHTML, like Gecko) HeadlessChrome/141.0.7390.0 Safari/537.36",,production,main,PRERENDER,static,/index.segments/__PAGE__.segment,agencia-crm-saas-3x1bl5qug-flipols-projects.vercel.app,agencia-crm-saas-3x1bl5qug-flipols-projects.vercel.app,dpl_95inDkQXXnAo7bFBw594YCB4dqte,85,sfo1,,,,prj_4lWcEkMJHXTC1JI2aKjee3xfrJyQ,,,,,
2026-02-02 14:51:43,1770043903411,agencia-crm-saas-3x1bl5qug-flipols-projects.vercel.app/,GET,_rsc=m8m8p,200,cbsb6-1770043903411-5288e50e20e3,"Mozilla/5.0 (X11; Linux x86_64) AppleWebKit/537.36 (KHTML, like Gecko) HeadlessChrome/141.0.7390.0 Safari/537.36",,production,main,HIT,static,/index.segments/_head.segment,agencia-crm-saas-3x1bl5qug-flipols-projects.vercel.app,agencia-crm-saas-3x1bl5qug-flipols-projects.vercel.app,dpl_95inDkQXXnAo7bFBw594YCB4dqte,15,sfo1,,,,prj_4lWcEkMJHXTC1JI2aKjee3xfrJyQ,,,,,
2026-02-02 14:51:43,1770043903303,agencia-crm-saas-3x1bl5qug-flipols-projects.vercel.app/forgot-password,GET,_rsc=jpp6l,200,skj9p-1770043903303-f6c85cb716ff,"Mozilla/5.0 (X11; Linux x86_64) AppleWebKit/537.36 (KHTML, like Gecko) HeadlessChrome/141.0.7390.0 Safari/537.36",,production,main,PRERENDER,static,/forgot-password.segments/!KGF1dGgp/forgot-password/__PAGE__.segment,agencia-crm-saas-3x1bl5qug-flipols-projects.vercel.app,agencia-crm-saas-3x1bl5qug-flipols-projects.vercel.app,dpl_95inDkQXXnAo7bFBw594YCB4dqte,314,sfo1,,,,prj_4lWcEkMJHXTC1JI2aKjee3xfrJyQ,,,,,
2026-02-02 14:51:43,1770043903266,agencia-crm-saas-3x1bl5qug-flipols-projects.vercel.app/forgot-password,GET,_rsc=1iaoq,200,fdrmm-1770043903266-a94958507500,"Mozilla/5.0 (X11; Linux x86_64) AppleWebKit/537.36 (KHTML, like Gecko) HeadlessChrome/141.0.7390.0 Safari/537.36",,production,main,PRERENDER,static,/forgot-password.segments/!KGF1dGgp/forgot-password.segment,agencia-crm-saas-3x1bl5qug-flipols-projects.vercel.app,agencia-crm-saas-3x1bl5qug-flipols-projects.vercel.app,dpl_95inDkQXXnAo7bFBw594YCB4dqte,160,sfo1,,,,prj_4lWcEkMJHXTC1JI2aKjee3xfrJyQ,,,,,
2026-02-02 14:51:43,1770043903229,agencia-crm-saas-3x1bl5qug-flipols-projects.vercel.app/forgot-password,GET,_rsc=m8m8p,200,tthz8-1770043903229-0f1f0669ec44,"Mozilla/5.0 (X11; Linux x86_64) AppleWebKit/537.36 (KHTML, like Gecko) HeadlessChrome/141.0.7390.0 Safari/537.36",,production,main,PRERENDER,static,/forgot-password.segments/_head.segment,agencia-crm-saas-3x1bl5qug-flipols-projects.vercel.app,agencia-crm-saas-3x1bl5qug-flipols-projects.vercel.app,dpl_95inDkQXXnAo7bFBw594YCB4dqte,250,sfo1,,,,prj_4lWcEkMJHXTC1JI2aKjee3xfrJyQ,,,,,
2026-02-02 14:51:43,1770043903222,agencia-crm-saas-3x1bl5qug-flipols-projects.vercel.app/signup,GET,_rsc=8akuh,200,sx8rn-1770043903222-fdfdf96ca053,vercel-screenshot/1.0,,production,main,PRERENDER,static,/signup.segments/!KGF1dGgp/signup/__PAGE__.segment,agencia-crm-saas-3x1bl5qug-flipols-projects.vercel.app,agencia-crm-saas-3x1bl5qug-flipols-projects.vercel.app,dpl_95inDkQXXnAo7bFBw594YCB4dqte,188,sfo1,,,,prj_4lWcEkMJHXTC1JI2aKjee3xfrJyQ,,,,,
2026-02-02 14:51:43,1770043903219,agencia-crm-saas-3x1bl5qug-flipols-projects.vercel.app/forgot-password,GET,_rsc=1iaoq,200,bjt44-1770043903219-59504497c37e,"Mozilla/5.0 (X11; Linux x86_64) AppleWebKit/537.36 (KHTML, like Gecko) HeadlessChrome/141.0.7390.0 Safari/537.36",,production,main,PRERENDER,static,/forgot-password.segments/!KGF1dGgp/forgot-password.segment,agencia-crm-saas-3x1bl5qug-flipols-projects.vercel.app,agencia-crm-saas-3x1bl5qug-flipols-projects.vercel.app,dpl_95inDkQXXnAo7bFBw594YCB4dqte,197,sfo1,,,,prj_4lWcEkMJHXTC1JI2aKjee3xfrJyQ,,,,,
2026-02-02 14:51:43,1770043903218,agencia-crm-saas-3x1bl5qug-flipols-projects.vercel.app/forgot-password,GET,_rsc=m8m8p,200,5528s-1770043903218-1c3a4e5ca164,"Mozilla/5.0 (X11; Linux x86_64) AppleWebKit/537.36 (KHTML, like Gecko) HeadlessChrome/141.0.7390.0 Safari/537.36",,production,main,PRERENDER,static,/forgot-password.segments/_head.segment,agencia-crm-saas-3x1bl5qug-flipols-projects.vercel.app,agencia-crm-saas-3x1bl5qug-flipols-projects.vercel.app,dpl_95inDkQXXnAo7bFBw594YCB4dqte,270,sfo1,,,,prj_4lWcEkMJHXTC1JI2aKjee3xfrJyQ,,,,,
2026-02-02 14:51:43,1770043903208,agencia-crm-saas-3x1bl5qug-flipols-projects.vercel.app/signup,GET,_rsc=8akuh,200,2z7w8-1770043903208-3667055d7a04,"Mozilla/5.0 (X11; Linux x86_64) AppleWebKit/537.36 (KHTML, like Gecko) HeadlessChrome/141.0.7390.0 Safari/537.36",,production,main,PRERENDER,static,/signup.segments/!KGF1dGgp/signup/__PAGE__.segment,agencia-crm-saas-3x1bl5qug-flipols-projects.vercel.app,agencia-crm-saas-3x1bl5qug-flipols-projects.vercel.app,dpl_95inDkQXXnAo7bFBw594YCB4dqte,192,sfo1,,,,prj_4lWcEkMJHXTC1JI2aKjee3xfrJyQ,,,,,
2026-02-02 14:51:43,1770043903186,agencia-crm-saas-3x1bl5qug-flipols-projects.vercel.app/signup,GET,_rsc=6qa0m,200,zg6bf-1770043903186-552c5b51de77,"Mozilla/5.0 (X11; Linux x86_64) AppleWebKit/537.36 (KHTML, like Gecko) HeadlessChrome/141.0.7390.0 Safari/537.36",,production,main,PRERENDER,static,/signup.segments/!KGF1dGgp/signup.segment,agencia-crm-saas-3x1bl5qug-flipols-projects.vercel.app,agencia-crm-saas-3x1bl5qug-flipols-projects.vercel.app,dpl_95inDkQXXnAo7bFBw594YCB4dqte,104,sfo1,,,,prj_4lWcEkMJHXTC1JI2aKjee3xfrJyQ,,,,,
2026-02-02 14:51:43,1770043903186,agencia-crm-saas-3x1bl5qug-flipols-projects.vercel.app/signup,GET,_rsc=8akuh,200,6sc6f-1770043903186-da0ef9ea213a,"Mozilla/5.0 (X11; Linux x86_64) AppleWebKit/537.36 (KHTML, like Gecko) HeadlessChrome/141.0.7390.0 Safari/537.36",,production,main,PRERENDER,static,/signup.segments/!KGF1dGgp/signup/__PAGE__.segment,agencia-crm-saas-3x1bl5qug-flipols-projects.vercel.app,agencia-crm-saas-3x1bl5qug-flipols-projects.vercel.app,dpl_95inDkQXXnAo7bFBw594YCB4dqte,197,sfo1,,,,prj_4lWcEkMJHXTC1JI2aKjee3xfrJyQ,,,,,
2026-02-02 14:51:43,1770043903154,agencia-crm-saas-3x1bl5qug-flipols-projects.vercel.app/signup,GET,_rsc=m8m8p,200,46sml-1770043903154-fcd4906929ad,"Mozilla/5.0 (X11; Linux x86_64) AppleWebKit/537.36 (KHTML, like Gecko) HeadlessChrome/141.0.7390.0 Safari/537.36",,production,main,PRERENDER,static,/signup.segments/_head.segment,agencia-crm-saas-3x1bl5qug-flipols-projects.vercel.app,agencia-crm-saas-3x1bl5qug-flipols-projects.vercel.app,dpl_95inDkQXXnAo7bFBw594YCB4dqte,90,sfo1,,,,prj_4lWcEkMJHXTC1JI2aKjee3xfrJyQ,,,,,
2026-02-02 14:51:43,1770043903148,agencia-crm-saas-3x1bl5qug-flipols-projects.vercel.app/,GET,_rsc=4c4j4,200,phs7g-1770043903148-630e4c78e9c5,"Mozilla/5.0 (X11; Linux x86_64) AppleWebKit/537.36 (KHTML, like Gecko) HeadlessChrome/141.0.7390.0 Safari/537.36",,production,main,HIT,static,/index.segments/_index.segment,agencia-crm-saas-3x1bl5qug-flipols-projects.vercel.app,agencia-crm-saas-3x1bl5qug-flipols-projects.vercel.app,dpl_95inDkQXXnAo7bFBw594YCB4dqte,12,sfo1,,,,prj_4lWcEkMJHXTC1JI2aKjee3xfrJyQ,,,,,
2026-02-02 14:51:43,1770043903135,agencia-crm-saas-3x1bl5qug-flipols-projects.vercel.app/,GET,_rsc=m8m8p,200,46sml-1770043903135-7ce1f99feaef,"Mozilla/5.0 (X11; Linux x86_64) AppleWebKit/537.36 (KHTML, like Gecko) HeadlessChrome/141.0.7390.0 Safari/537.36",,production,main,HIT,static,/index.segments/_head.segment,agencia-crm-saas-3x1bl5qug-flipols-projects.vercel.app,agencia-crm-saas-3x1bl5qug-flipols-projects.vercel.app,dpl_95inDkQXXnAo7bFBw594YCB4dqte,13,sfo1,,,,prj_4lWcEkMJHXTC1JI2aKjee3xfrJyQ,,,,,
2026-02-02 14:51:43,1770043903110,agencia-crm-saas-3x1bl5qug-flipols-projects.vercel.app/,GET,_rsc=17yrj,200,z6mhz-1770043903110-04bb5ba5ea28,"Mozilla/5.0 (X11; Linux x86_64) AppleWebKit/537.36 (KHTML, like Gecko) HeadlessChrome/141.0.7390.0 Safari/537.36",,production,main,HIT,static,/index.segments/_tree.segment,agencia-crm-saas-3x1bl5qug-flipols-projects.vercel.app,agencia-crm-saas-3x1bl5qug-flipols-projects.vercel.app,dpl_95inDkQXXnAo7bFBw594YCB4dqte,4,sfo1,,,,prj_4lWcEkMJHXTC1JI2aKjee3xfrJyQ,,,,,
2026-02-02 14:51:43,1770043903110,agencia-crm-saas-3x1bl5qug-flipols-projects.vercel.app/signup,GET,_rsc=17yrj,200,wdnz9-1770043903110-a7d1ec135dcd,"Mozilla/5.0 (X11; Linux x86_64) AppleWebKit/537.36 (KHTML, like Gecko) HeadlessChrome/141.0.7390.0 Safari/537.36",,production,main,HIT,static,/signup.segments/_tree.segment,agencia-crm-saas-3x1bl5qug-flipols-projects.vercel.app,agencia-crm-saas-3x1bl5qug-flipols-projects.vercel.app,dpl_95inDkQXXnAo7bFBw594YCB4dqte,10,sfo1,,,,prj_4lWcEkMJHXTC1JI2aKjee3xfrJyQ,,,,,
2026-02-02 14:51:43,1770043903013,agencia-crm-saas-3x1bl5qug-flipols-projects.vercel.app/signup,GET,_rsc=6qa0m,200,5528s-1770043903013-358093f912fc,vercel-screenshot/1.0,,production,main,PRERENDER,static,/signup.segments/!KGF1dGgp/signup.segment,agencia-crm-saas-3x1bl5qug-flipols-projects.vercel.app,agencia-crm-saas-3x1bl5qug-flipols-projects.vercel.app,dpl_95inDkQXXnAo7bFBw594YCB4dqte,278,sfo1,,,,prj_4lWcEkMJHXTC1JI2aKjee3xfrJyQ,,,,,
2026-02-02 14:51:43,1770043903012,agencia-crm-saas-3x1bl5qug-flipols-projects.vercel.app/signup,GET,_rsc=12sxf,200,dj2kf-1770043903012-67784e236aa7,vercel-screenshot/1.0,,production,main,PRERENDER,static,/signup.segments/!KGF1dGgp.segment,agencia-crm-saas-3x1bl5qug-flipols-projects.vercel.app,agencia-crm-saas-3x1bl5qug-flipols-projects.vercel.app,dpl_95inDkQXXnAo7bFBw594YCB4dqte,178,sfo1,,,,prj_4lWcEkMJHXTC1JI2aKjee3xfrJyQ,,,,,
2026-02-02 14:51:42,1770043902987,agencia-crm-saas-3x1bl5qug-flipols-projects.vercel.app/signup,GET,_rsc=12sxf,200,vv5c9-1770043902987-006312013ef6,"Mozilla/5.0 (X11; Linux x86_64) AppleWebKit/537.36 (KHTML, like Gecko) HeadlessChrome/141.0.7390.0 Safari/537.36",,production,main,PRERENDER,static,/signup.segments/!KGF1dGgp.segment,agencia-crm-saas-3x1bl5qug-flipols-projects.vercel.app,agencia-crm-saas-3x1bl5qug-flipols-projects.vercel.app,dpl_95inDkQXXnAo7bFBw594YCB4dqte,196,sfo1,,,,prj_4lWcEkMJHXTC1JI2aKjee3xfrJyQ,,,,,
2026-02-02 14:51:42,1770043902987,agencia-crm-saas-3x1bl5qug-flipols-projects.vercel.app/signup,GET,_rsc=6qa0m,200,skj9p-1770043902987-31a05226b836,"Mozilla/5.0 (X11; Linux x86_64) AppleWebKit/537.36 (KHTML, like Gecko) HeadlessChrome/141.0.7390.0 Safari/537.36",,production,main,PRERENDER,static,/signup.segments/!KGF1dGgp/signup.segment,agencia-crm-saas-3x1bl5qug-flipols-projects.vercel.app,agencia-crm-saas-3x1bl5qug-flipols-projects.vercel.app,dpl_95inDkQXXnAo7bFBw594YCB4dqte,302,sfo1,,,,prj_4lWcEkMJHXTC1JI2aKjee3xfrJyQ,,,,,
2026-02-02 14:51:42,1770043902987,agencia-crm-saas-3x1bl5qug-flipols-projects.vercel.app/signup,GET,_rsc=4c4j4,200,phs7g-1770043902987-e7470c931e19,"Mozilla/5.0 (X11; Linux x86_64) AppleWebKit/537.36 (KHTML, like Gecko) HeadlessChrome/141.0.7390.0 Safari/537.36",,production,main,PRERENDER,static,/signup.segments/_index.segment,agencia-crm-saas-3x1bl5qug-flipols-projects.vercel.app,agencia-crm-saas-3x1bl5qug-flipols-projects.vercel.app,dpl_95inDkQXXnAo7bFBw594YCB4dqte,216,sfo1,,,,prj_4lWcEkMJHXTC1JI2aKjee3xfrJyQ,,,,,
2026-02-02 14:51:42,1770043902987,agencia-crm-saas-3x1bl5qug-flipols-projects.vercel.app/signup,GET,_rsc=m8m8p,200,7spx2-1770043902987-68d32c2caca9,"Mozilla/5.0 (X11; Linux x86_64) AppleWebKit/537.36 (KHTML, like Gecko) HeadlessChrome/141.0.7390.0 Safari/537.36",,production,main,PRERENDER,static,/signup.segments/_head.segment,agencia-crm-saas-3x1bl5qug-flipols-projects.vercel.app,agencia-crm-saas-3x1bl5qug-flipols-projects.vercel.app,dpl_95inDkQXXnAo7bFBw594YCB4dqte,202,sfo1,,,,prj_4lWcEkMJHXTC1JI2aKjee3xfrJyQ,,,,,
2026-02-02 14:51:42,1770043902941,agencia-crm-saas-3x1bl5qug-flipols-projects.vercel.app/,GET,_rsc=17yrj,200,nkfx7-1770043902941-7e1f22e2e827,"Mozilla/5.0 (X11; Linux x86_64) AppleWebKit/537.36 (KHTML, like Gecko) HeadlessChrome/141.0.7390.0 Safari/537.36",,production,main,HIT,static,/index.segments/_tree.segment,agencia-crm-saas-3x1bl5qug-flipols-projects.vercel.app,agencia-crm-saas-3x1bl5qug-flipols-projects.vercel.app,dpl_95inDkQXXnAo7bFBw594YCB4dqte,7,sfo1,,,,prj_4lWcEkMJHXTC1JI2aKjee3xfrJyQ,,,,,
2026-02-02 14:51:42,1770043902940,agencia-crm-saas-3x1bl5qug-flipols-projects.vercel.app/forgot-password,GET,_rsc=17yrj,200,skj9p-1770043902940-f1c55bd702c2,"Mozilla/5.0 (X11; Linux x86_64) AppleWebKit/537.36 (KHTML, like Gecko) HeadlessChrome/141.0.7390.0 Safari/537.36",,production,main,HIT,static,/forgot-password.segments/_tree.segment,agencia-crm-saas-3x1bl5qug-flipols-projects.vercel.app,agencia-crm-saas-3x1bl5qug-flipols-projects.vercel.app,dpl_95inDkQXXnAo7bFBw594YCB4dqte,16,sfo1,,,,prj_4lWcEkMJHXTC1JI2aKjee3xfrJyQ,,,,,
2026-02-02 14:51:42,1770043902928,agencia-crm-saas-3x1bl5qug-flipols-projects.vercel.app/icon.png,GET,b4076698f618dbc1,200,tqhgt-1770043902928-1868b8e38b8b,vercel-screenshot/1.0,,production,main,PRERENDER,static,/icon.png,agencia-crm-saas-3x1bl5qug-flipols-projects.vercel.app,agencia-crm-saas-3x1bl5qug-flipols-projects.vercel.app,dpl_95inDkQXXnAo7bFBw594YCB4dqte,118,sfo1,,,,prj_4lWcEkMJHXTC1JI2aKjee3xfrJyQ,,,,,
2026-02-02 14:51:42,1770043902928,agencia-crm-saas-3x1bl5qug-flipols-projects.vercel.app/,GET,_rsc=17yrj,200,tm772-1770043902928-ab7e50a60ed2,vercel-screenshot/1.0,,production,main,HIT,static,/index.segments/_tree.segment,agencia-crm-saas-3x1bl5qug-flipols-projects.vercel.app,agencia-crm-saas-3x1bl5qug-flipols-projects.vercel.app,dpl_95inDkQXXnAo7bFBw594YCB4dqte,21,sfo1,,,,prj_4lWcEkMJHXTC1JI2aKjee3xfrJyQ,,,,,
2026-02-02 14:51:42,1770043902927,agencia-crm-saas-3x1bl5qug-flipols-projects.vercel.app/forgot-password,GET,_rsc=17yrj,200,dj2kf-1770043902927-f530de43dfba,vercel-screenshot/1.0,,production,main,HIT,static,/forgot-password.segments/_tree.segment,agencia-crm-saas-3x1bl5qug-flipols-projects.vercel.app,agencia-crm-saas-3x1bl5qug-flipols-projects.vercel.app,dpl_95inDkQXXnAo7bFBw594YCB4dqte,7,sfo1,,,,prj_4lWcEkMJHXTC1JI2aKjee3xfrJyQ,,,,,
2026-02-02 14:51:42,1770043902926,agencia-crm-saas-3x1bl5qug-flipols-projects.vercel.app/signup,GET,_rsc=17yrj,200,5528s-1770043902926-de0413122025,vercel-screenshot/1.0,,production,main,HIT,static,/signup.segments/_tree.segment,agencia-crm-saas-3x1bl5qug-flipols-projects.vercel.app,agencia-crm-saas-3x1bl5qug-flipols-projects.vercel.app,dpl_95inDkQXXnAo7bFBw594YCB4dqte,7,sfo1,,,,prj_4lWcEkMJHXTC1JI2aKjee3xfrJyQ,,,,,
2026-02-02 14:51:42,1770043902811,agencia-crm-saas-3x1bl5qug-flipols-projects.vercel.app/,GET,_rsc=4c4j4,200,2psgr-1770043902811-7d6e301cf100,vercel-screenshot/1.0,,production,main,PRERENDER,static,/index.segments/_index.segment,agencia-crm-saas-3x1bl5qug-flipols-projects.vercel.app,agencia-crm-saas-3x1bl5qug-flipols-projects.vercel.app,dpl_95inDkQXXnAo7bFBw594YCB4dqte,94,sfo1,,,,prj_4lWcEkMJHXTC1JI2aKjee3xfrJyQ,,,,,
2026-02-02 14:51:42,1770043902744,agencia-crm-saas-3x1bl5qug-flipols-projects.vercel.app/icon.png,GET,b4076698f618dbc1,200,8np9s-1770043902744-319c41574be5,vercel-screenshot/1.0,,production,main,PRERENDER,static,/icon.png,agencia-crm-saas-3x1bl5qug-flipols-projects.vercel.app,agencia-crm-saas-3x1bl5qug-flipols-projects.vercel.app,dpl_95inDkQXXnAo7bFBw594YCB4dqte,198,sfo1,,,,prj_4lWcEkMJHXTC1JI2aKjee3xfrJyQ,,,,,
2026-02-02 14:51:42,1770043902708,agencia-crm-saas-3x1bl5qug-flipols-projects.vercel.app/signup,GET,_rsc=17yrj,200,tc9l8-1770043902708-a56d2df25702,vercel-screenshot/1.0,,production,main,PRERENDER,static,/signup.segments/_tree.segment,agencia-crm-saas-3x1bl5qug-flipols-projects.vercel.app,agencia-crm-saas-3x1bl5qug-flipols-projects.vercel.app,dpl_95inDkQXXnAo7bFBw594YCB4dqte,196,sfo1,,,,prj_4lWcEkMJHXTC1JI2aKjee3xfrJyQ,,,,,
2026-02-02 14:51:42,1770043902708,agencia-crm-saas-3x1bl5qug-flipols-projects.vercel.app/forgot-password,GET,_rsc=17yrj,200,f4mc2-1770043902708-bd1a06ec00ab,vercel-screenshot/1.0,,production,main,PRERENDER,static,/forgot-password.segments/_tree.segment,agencia-crm-saas-3x1bl5qug-flipols-projects.vercel.app,agencia-crm-saas-3x1bl5qug-flipols-projects.vercel.app,dpl_95inDkQXXnAo7bFBw594YCB4dqte,182,sfo1,,,,prj_4lWcEkMJHXTC1JI2aKjee3xfrJyQ,,,,,
2026-02-02 14:51:42,1770043902708,agencia-crm-saas-3x1bl5qug-flipols-projects.vercel.app/,GET,_rsc=17yrj,200,2psgr-1770043902708-f509c3402374,vercel-screenshot/1.0,,production,main,PRERENDER,static,/index.segments/_tree.segment,agencia-crm-saas-3x1bl5qug-flipols-projects.vercel.app,agencia-crm-saas-3x1bl5qug-flipols-projects.vercel.app,dpl_95inDkQXXnAo7bFBw594YCB4dqte,93,sfo1,,,,prj_4lWcEkMJHXTC1JI2aKjee3xfrJyQ,,,,,
2026-02-02 14:51:42,1770043902375,agencia-crm-saas-3x1bl5qug-flipols-projects.vercel.app/login,GET,,200,7j5hx-1770043902375-6913885fd537,vercel-screenshot/1.0,,production,main,HIT,static,/login,agencia-crm-saas-3x1bl5qug-flipols-projects.vercel.app,agencia-crm-saas-3x1bl5qug-flipols-projects.vercel.app,dpl_95inDkQXXnAo7bFBw594YCB4dqte,23,sfo1,,,,prj_4lWcEkMJHXTC1JI2aKjee3xfrJyQ,,,,,
2026-02-02 14:51:42,1770043902359,agencia-crm-saas-3x1bl5qug-flipols-projects.vercel.app/,GET,,307,skj9p-1770043902359-b4782ac2d6f4,vercel-screenshot/1.0,,production,main,HIT,static,/,agencia-crm-saas-3x1bl5qug-flipols-projects.vercel.app,agencia-crm-saas-3x1bl5qug-flipols-projects.vercel.app,dpl_95inDkQXXnAo7bFBw594YCB4dqte,10,sfo1,,,,prj_4lWcEkMJHXTC1JI2aKjee3xfrJyQ,,,,,
2026-02-02 14:51:42,1770043902155,agencia-crm-saas-3x1bl5qug-flipols-projects.vercel.app/login,GET,,200,klgk5-1770043902155-e2af325159ce,"Mozilla/5.0 (X11; Linux x86_64) AppleWebKit/537.36 (KHTML, like Gecko) HeadlessChrome/141.0.7390.0 Safari/537.36",,production,main,PRERENDER,static,/login,agencia-crm-saas-3x1bl5qug-flipols-projects.vercel.app,agencia-crm-saas-3x1bl5qug-flipols-projects.vercel.app,dpl_95inDkQXXnAo7bFBw594YCB4dqte,147,sfo1,,,,prj_4lWcEkMJHXTC1JI2aKjee3xfrJyQ,,,,,
2026-02-02 14:51:42,1770043902091,agencia-crm-saas-3x1bl5qug-flipols-projects.vercel.app/login,GET,,200,tw962-1770043902091-62b8c1349246,vercel-screenshot/1.0,,production,main,PRERENDER,static,/login,agencia-crm-saas-3x1bl5qug-flipols-projects.vercel.app,agencia-crm-saas-3x1bl5qug-flipols-projects.vercel.app,dpl_95inDkQXXnAo7bFBw594YCB4dqte,190,sfo1,,,,prj_4lWcEkMJHXTC1JI2aKjee3xfrJyQ,,,,,
2026-02-02 14:51:42,1770043902082,agencia-crm-saas-3x1bl5qug-flipols-projects.vercel.app/login,GET,,200,wk74z-1770043902082-f8c166136b0d,vercel-screenshot/1.0,,production,main,PRERENDER,static,/login,agencia-crm-saas-3x1bl5qug-flipols-projects.vercel.app,agencia-crm-saas-3x1bl5qug-flipols-projects.vercel.app,dpl_95inDkQXXnAo7bFBw594YCB4dqte,216,sfo1,,,,prj_4lWcEkMJHXTC1JI2aKjee3xfrJyQ,,,,,
2026-02-02 14:51:41,1770043901974,agencia-crm-saas-3x1bl5qug-flipols-projects.vercel.app/,GET,,307,9rvh5-1770043901974-1ae43a079672,"Mozilla/5.0 (X11; Linux x86_64) AppleWebKit/537.36 (KHTML, like Gecko) HeadlessChrome/141.0.7390.0 Safari/537.36",,production,main,PRERENDER,static,/,agencia-crm-saas-3x1bl5qug-flipols-projects.vercel.app,agencia-crm-saas-3x1bl5qug-flipols-projects.vercel.app,dpl_95inDkQXXnAo7bFBw594YCB4dqte,174,sfo1,,,,prj_4lWcEkMJHXTC1JI2aKjee3xfrJyQ,,,,,
2026-02-02 14:51:41,1770043901969,agencia-crm-saas-3x1bl5qug-flipols-projects.vercel.app/,GET,,307,7wjhq-1770043901969-d30107a6bf26,vercel-screenshot/1.0,,production,main,HIT,static,/,agencia-crm-saas-3x1bl5qug-flipols-projects.vercel.app,agencia-crm-saas-3x1bl5qug-flipols-projects.vercel.app,dpl_95inDkQXXnAo7bFBw594YCB4dqte,111,sfo1,,,,prj_4lWcEkMJHXTC1JI2aKjee3xfrJyQ,,,,,
2026-02-02 14:51:41,1770043901952,agencia-crm-saas-3x1bl5qug-flipols-projects.vercel.app/,GET,,307,2rq4t-1770043901952-4aa14f04b798,vercel-screenshot/1.0,,production,main,HIT,static,/,agencia-crm-saas-3x1bl5qug-flipols-projects.vercel.app,agencia-crm-saas-3x1bl5qug-flipols-projects.vercel.app,dpl_95inDkQXXnAo7bFBw594YCB4dqte,119,sfo1,,,,prj_4lWcEkMJHXTC1JI2aKjee3xfrJyQ,,,,,
2026-02-02 14:51:41,1770043901749,agencia-crm-saas-3x1bl5qug-flipols-projects.vercel.app/,GET,,307,bnf8j-1770043901749-7226a8d9c53c,"Mozilla/5.0 (X11; Linux x86_64) AppleWebKit/537.36 (KHTML, like Gecko) HeadlessChrome/141.0.7390.0 Safari/537.36",,production,main,PRERENDER,static,/,agencia-crm-saas-3x1bl5qug-flipols-projects.vercel.app,agencia-crm-saas-3x1bl5qug-flipols-projects.vercel.app,dpl_95inDkQXXnAo7bFBw594YCB4dqte,312,sfo1,,,,prj_4lWcEkMJHXTC1JI2aKjee3xfrJyQ,,,,,
2026-02-02 14:50:08,1770043808591,agencia-crm-saas.vercel.app/api/cron/email-sync,GET,secret=aurie-maquina-2026,200,75v5v-1770043808494-cbe929efbc67,Mozilla/4.0 (compatible; cron-job.org; http://cron-job.org/abuse/),info,production,main,MISS,function,/api/cron/email-sync,agencia-crm-saas.vercel.app,agencia-crm-saas.vercel.app,dpl_37DHdigqJrB2Kv7qNFeJkEeYcfjR,,,,,[Sync] Iniciando sincronización global de emails via IMAP...,prj_4lWcEkMJHXTC1JI2aKjee3xfrJyQ,,,,,
2026-02-02 14:50:20,1770043820399,agencia-crm-saas.vercel.app/api/cron/email-sync,GET,secret=aurie-maquina-2026,200,75v5v-1770043808494-cbe929efbc67,Mozilla/4.0 (compatible; cron-job.org; http://cron-job.org/abuse/),info,production,main,MISS,function,/api/cron/email-sync,agencia-crm-saas.vercel.app,agencia-crm-saas.vercel.app,dpl_37DHdigqJrB2Kv7qNFeJkEeYcfjR,,,,,[Sync] Sincronización completada. 0 correos nuevos notificados.,prj_4lWcEkMJHXTC1JI2aKjee3xfrJyQ,,,,,
2026-02-02 14:50:08,1770043808494,agencia-crm-saas.vercel.app/api/cron/email-sync,GET,secret=aurie-maquina-2026,200,75v5v-1770043808494-cbe929efbc67,Mozilla/4.0 (compatible; cron-job.org; http://cron-job.org/abuse/),,production,main,MISS,function,/api/cron/email-sync,agencia-crm-saas.vercel.app,agencia-crm-saas.vercel.app,dpl_37DHdigqJrB2Kv7qNFeJkEeYcfjR,11831,iad1,318,2048,,prj_4lWcEkMJHXTC1JI2aKjee3xfrJyQ,,,01KGFDA6SA869E2A9SNWSVMWWD,DZSQWk8OEspD,1
2026-02-02 14:49:25,1770043765531,agencia-crm-saas.vercel.app/dashboard,GET,_rsc=8j4j4,304,xq5jm-1770043765531-a6b42ef6a288,"Mozilla/5.0 (Windows NT 10.0; Win64; x64) AppleWebKit/537.36 (KHTML, like Gecko) Chrome/143.0.0.0 Safari/537.36",,production,main,HIT,static,/dashboard.segments/!KG1haW4p/dashboard/__PAGE__.segment,agencia-crm-saas.vercel.app,agencia-crm-saas-1j0x7671g-flipols-projects.vercel.app,dpl_37DHdigqJrB2Kv7qNFeJkEeYcfjR,200,cdg1,,,,prj_4lWcEkMJHXTC1JI2aKjee3xfrJyQ,,,,,
2026-02-02 14:49:25,1770043765476,agencia-crm-saas.vercel.app/dashboard,GET,_rsc=jc7y3,304,9vfq6-1770043765476-6e311d9a20fe,"Mozilla/5.0 (Windows NT 10.0; Win64; x64) AppleWebKit/537.36 (KHTML, like Gecko) Chrome/143.0.0.0 Safari/537.36",,production,main,HIT,static,/dashboard.segments/!KG1haW4p/dashboard.segment,agencia-crm-saas.vercel.app,agencia-crm-saas-1j0x7671g-flipols-projects.vercel.app,dpl_37DHdigqJrB2Kv7qNFeJkEeYcfjR,4,cdg1,,,,prj_4lWcEkMJHXTC1JI2aKjee3xfrJyQ,,,,,
2026-02-02 14:49:25,1770043765465,agencia-crm-saas.vercel.app/dashboard,GET,_rsc=14yts,304,9vfq6-1770043765465-28d9494a5028,"Mozilla/5.0 (Windows NT 10.0; Win64; x64) AppleWebKit/537.36 (KHTML, like Gecko) Chrome/143.0.0.0 Safari/537.36",,production,main,HIT,static,/dashboard.segments/_head.segment,agencia-crm-saas.vercel.app,agencia-crm-saas-1j0x7671g-flipols-projects.vercel.app,dpl_37DHdigqJrB2Kv7qNFeJkEeYcfjR,10,cdg1,,,,prj_4lWcEkMJHXTC1JI2aKjee3xfrJyQ,,,,,
2026-02-02 14:49:25,1770043765450,agencia-crm-saas.vercel.app/pipeline,GET,_rsc=1c3ys,304,b57pl-1770043765450-62eaab32dfda,"Mozilla/5.0 (Windows NT 10.0; Win64; x64) AppleWebKit/537.36 (KHTML, like Gecko) Chrome/143.0.0.0 Safari/537.36",,production,main,HIT,static,/pipeline.segments/!KG1haW4p/pipeline/__PAGE__.segment,agencia-crm-saas.vercel.app,agencia-crm-saas-1j0x7671g-flipols-projects.vercel.app,dpl_37DHdigqJrB2Kv7qNFeJkEeYcfjR,17,cdg1,,,,prj_4lWcEkMJHXTC1JI2aKjee3xfrJyQ,,,,,
2026-02-02 14:49:25,1770043765430,agencia-crm-saas.vercel.app/pipeline,GET,_rsc=zu5sb,304,9vfq6-1770043765430-0d7e9a08c3b1,"Mozilla/5.0 (Windows NT 10.0; Win64; x64) AppleWebKit/537.36 (KHTML, like Gecko) Chrome/143.0.0.0 Safari/537.36",,production,main,HIT,static,/pipeline.segments/!KG1haW4p/pipeline.segment,agencia-crm-saas.vercel.app,agencia-crm-saas-1j0x7671g-flipols-projects.vercel.app,dpl_37DHdigqJrB2Kv7qNFeJkEeYcfjR,5,cdg1,,,,prj_4lWcEkMJHXTC1JI2aKjee3xfrJyQ,,,,,
2026-02-02 14:49:25,1770043765409,agencia-crm-saas.vercel.app/pipeline,GET,_rsc=14yts,304,9vfq6-1770043765409-1d0034abde07,"Mozilla/5.0 (Windows NT 10.0; Win64; x64) AppleWebKit/537.36 (KHTML, like Gecko) Chrome/143.0.0.0 Safari/537.36",,production,main,HIT,static,/pipeline.segments/_head.segment,agencia-crm-saas.vercel.app,agencia-crm-saas-1j0x7671g-flipols-projects.vercel.app,dpl_37DHdigqJrB2Kv7qNFeJkEeYcfjR,6,cdg1,,,,prj_4lWcEkMJHXTC1JI2aKjee3xfrJyQ,,,,,
2026-02-02 14:49:25,1770043765400,agencia-crm-saas.vercel.app/contacts,GET,_rsc=du8fk,304,9vfq6-1770043765400-b9c5d6b7e5a2,"Mozilla/5.0 (Windows NT 10.0; Win64; x64) AppleWebKit/537.36 (KHTML, like Gecko) Chrome/143.0.0.0 Safari/537.36",,production,main,HIT,static,/contacts.segments/!KG1haW4p/contacts/__PAGE__.segment,agencia-crm-saas.vercel.app,agencia-crm-saas-1j0x7671g-flipols-projects.vercel.app,dpl_37DHdigqJrB2Kv7qNFeJkEeYcfjR,4,cdg1,,,,prj_4lWcEkMJHXTC1JI2aKjee3xfrJyQ,,,,,
2026-02-02 14:49:25,1770043765361,agencia-crm-saas.vercel.app/contacts,GET,_rsc=sr4gp,304,96tjb-1770043765361-470977a85bd8,"Mozilla/5.0 (Windows NT 10.0; Win64; x64) AppleWebKit/537.36 (KHTML, like Gecko) Chrome/143.0.0.0 Safari/537.36",,production,main,HIT,static,/contacts.segments/!KG1haW4p/contacts.segment,agencia-crm-saas.vercel.app,agencia-crm-saas-1j0x7671g-flipols-projects.vercel.app,dpl_37DHdigqJrB2Kv7qNFeJkEeYcfjR,6,cdg1,,,,prj_4lWcEkMJHXTC1JI2aKjee3xfrJyQ,,,,,
2026-02-02 14:49:25,1770043765330,agencia-crm-saas.vercel.app/contacts,GET,_rsc=14yts,304,96tjb-1770043765330-a7062f300fbd,"Mozilla/5.0 (Windows NT 10.0; Win64; x64) AppleWebKit/537.36 (KHTML, like Gecko) Chrome/143.0.0.0 Safari/537.36",,production,main,HIT,static,/contacts.segments/_head.segment,agencia-crm-saas.vercel.app,agencia-crm-saas-1j0x7671g-flipols-projects.vercel.app,dpl_37DHdigqJrB2Kv7qNFeJkEeYcfjR,7,cdg1,,,,prj_4lWcEkMJHXTC1JI2aKjee3xfrJyQ,,,,,
2026-02-02 14:49:25,1770043765302,agencia-crm-saas.vercel.app/tasks,GET,_rsc=f08kr,304,xq5jm-1770043765302-4e7df9a2275a,"Mozilla/5.0 (Windows NT 10.0; Win64; x64) AppleWebKit/537.36 (KHTML, like Gecko) Chrome/143.0.0.0 Safari/537.36",,production,main,HIT,static,/tasks.segments/!KG1haW4p/tasks.segment,agencia-crm-saas.vercel.app,agencia-crm-saas-1j0x7671g-flipols-projects.vercel.app,dpl_37DHdigqJrB2Kv7qNFeJkEeYcfjR,179,cdg1,,,,prj_4lWcEkMJHXTC1JI2aKjee3xfrJyQ,,,,,
2026-02-02 14:49:25,1770043765297,agencia-crm-saas.vercel.app/tasks,GET,_rsc=bnann,304,n2kdl-1770043765297-33195e669390,"Mozilla/5.0 (Windows NT 10.0; Win64; x64) AppleWebKit/537.36 (KHTML, like Gecko) Chrome/143.0.0.0 Safari/537.36",,production,main,HIT,static,/tasks.segments/!KG1haW4p/tasks/__PAGE__.segment,agencia-crm-saas.vercel.app,agencia-crm-saas-1j0x7671g-flipols-projects.vercel.app,dpl_37DHdigqJrB2Kv7qNFeJkEeYcfjR,6,cdg1,,,,prj_4lWcEkMJHXTC1JI2aKjee3xfrJyQ,,,,,
2026-02-02 14:49:25,1770043765266,agencia-crm-saas.vercel.app/tasks,GET,_rsc=14yts,304,9vfq6-1770043765266-3587771942d8,"Mozilla/5.0 (Windows NT 10.0; Win64; x64) AppleWebKit/537.36 (KHTML, like Gecko) Chrome/143.0.0.0 Safari/537.36",,production,main,HIT,static,/tasks.segments/_head.segment,agencia-crm-saas.vercel.app,agencia-crm-saas-1j0x7671g-flipols-projects.vercel.app,dpl_37DHdigqJrB2Kv7qNFeJkEeYcfjR,126,cdg1,,,,prj_4lWcEkMJHXTC1JI2aKjee3xfrJyQ,,,,,
2026-02-02 14:49:25,1770043765248,agencia-crm-saas.vercel.app/invoices,GET,_rsc=2oduw,200,xq5jm-1770043765248-c241d1ba047a,"Mozilla/5.0 (Windows NT 10.0; Win64; x64) AppleWebKit/537.36 (KHTML, like Gecko) Chrome/143.0.0.0 Safari/537.36",,production,main,HIT,static,/invoices.segments/!KG1haW4p/invoices/__PAGE__.segment,agencia-crm-saas.vercel.app,agencia-crm-saas-1j0x7671g-flipols-projects.vercel.app,dpl_37DHdigqJrB2Kv7qNFeJkEeYcfjR,22,cdg1,,,,prj_4lWcEkMJHXTC1JI2aKjee3xfrJyQ,,,,,
2026-02-02 14:49:25,1770043765247,agencia-crm-saas.vercel.app/invoices,GET,_rsc=1xng9,200,96tjb-1770043765247-1a1e76f86300,"Mozilla/5.0 (Windows NT 10.0; Win64; x64) AppleWebKit/537.36 (KHTML, like Gecko) Chrome/143.0.0.0 Safari/537.36",,production,main,HIT,static,/invoices.segments/!KG1haW4p/invoices.segment,agencia-crm-saas.vercel.app,agencia-crm-saas-1j0x7671g-flipols-projects.vercel.app,dpl_37DHdigqJrB2Kv7qNFeJkEeYcfjR,4,cdg1,,,,prj_4lWcEkMJHXTC1JI2aKjee3xfrJyQ,,,,,
2026-02-02 14:49:25,1770043765239,agencia-crm-saas.vercel.app/invoices,GET,_rsc=14yts,200,96tjb-1770043765239-d86eeb6ccd88,"Mozilla/5.0 (Windows NT 10.0; Win64; x64) AppleWebKit/537.36 (KHTML, like Gecko) Chrome/143.0.0.0 Safari/537.36",,production,main,HIT,static,/invoices.segments/_head.segment,agencia-crm-saas.vercel.app,agencia-crm-saas-1j0x7671g-flipols-projects.vercel.app,dpl_37DHdigqJrB2Kv7qNFeJkEeYcfjR,5,cdg1,,,,prj_4lWcEkMJHXTC1JI2aKjee3xfrJyQ,,,,,
2026-02-02 14:49:25,1770043765151,agencia-crm-saas.vercel.app/team-chat,GET,_rsc=idjab,304,tw8ph-1770043765151-d55ea7835b13,"Mozilla/5.0 (Windows NT 10.0; Win64; x64) AppleWebKit/537.36 (KHTML, like Gecko) Chrome/143.0.0.0 Safari/537.36",,production,main,HIT,static,/team-chat.segments/!KG1haW4p/team-chat.segment,agencia-crm-saas.vercel.app,agencia-crm-saas-1j0x7671g-flipols-projects.vercel.app,dpl_37DHdigqJrB2Kv7qNFeJkEeYcfjR,7,cdg1,,,,prj_4lWcEkMJHXTC1JI2aKjee3xfrJyQ,,,,,
2026-02-02 14:49:25,1770043765151,agencia-crm-saas.vercel.app/team-chat,GET,_rsc=14yts,304,n2kdl-1770043765151-8132ec5b7b12,"Mozilla/5.0 (Windows NT 10.0; Win64; x64) AppleWebKit/537.36 (KHTML, like Gecko) Chrome/143.0.0.0 Safari/537.36",,production,main,HIT,static,/team-chat.segments/_head.segment,agencia-crm-saas.vercel.app,agencia-crm-saas-1j0x7671g-flipols-projects.vercel.app,dpl_37DHdigqJrB2Kv7qNFeJkEeYcfjR,5,cdg1,,,,prj_4lWcEkMJHXTC1JI2aKjee3xfrJyQ,,,,,
2026-02-02 14:49:25,1770043765151,agencia-crm-saas.vercel.app/team-chat,GET,_rsc=1wnj2,304,9vfq6-1770043765151-de27146b02a6,"Mozilla/5.0 (Windows NT 10.0; Win64; x64) AppleWebKit/537.36 (KHTML, like Gecko) Chrome/143.0.0.0 Safari/537.36",,production,main,HIT,static,/team-chat.segments/!KG1haW4p/team-chat/__PAGE__.segment,agencia-crm-saas.vercel.app,agencia-crm-saas-1j0x7671g-flipols-projects.vercel.app,dpl_37DHdigqJrB2Kv7qNFeJkEeYcfjR,7,cdg1,,,,prj_4lWcEkMJHXTC1JI2aKjee3xfrJyQ,,,,,
2026-02-02 14:49:25,1770043765142,agencia-crm-saas.vercel.app/meetings,GET,_rsc=1q2d0,200,n2kdl-1770043765142-3fb396f8c97c,"Mozilla/5.0 (Windows NT 10.0; Win64; x64) AppleWebKit/537.36 (KHTML, like Gecko) Chrome/143.0.0.0 Safari/537.36",,production,main,HIT,static,/meetings.segments/!KG1haW4p/meetings/__PAGE__.segment,agencia-crm-saas.vercel.app,agencia-crm-saas-1j0x7671g-flipols-projects.vercel.app,dpl_37DHdigqJrB2Kv7qNFeJkEeYcfjR,5,cdg1,,,,prj_4lWcEkMJHXTC1JI2aKjee3xfrJyQ,,,,,
2026-02-02 14:49:25,1770043765049,agencia-crm-saas.vercel.app/meetings,GET,_rsc=yrrzk,200,zzszv-1770043765049-0bec3c546690,"Mozilla/5.0 (Windows NT 10.0; Win64; x64) AppleWebKit/537.36 (KHTML, like Gecko) Chrome/143.0.0.0 Safari/537.36",,production,main,HIT,static,/meetings.segments/!KG1haW4p/meetings.segment,agencia-crm-saas.vercel.app,agencia-crm-saas-1j0x7671g-flipols-projects.vercel.app,dpl_37DHdigqJrB2Kv7qNFeJkEeYcfjR,7,cdg1,,,,prj_4lWcEkMJHXTC1JI2aKjee3xfrJyQ,,,,,
2026-02-02 14:49:25,1770043765048,agencia-crm-saas.vercel.app/meetings,GET,_rsc=14yts,200,n2kdl-1770043765048-41621278014f,"Mozilla/5.0 (Windows NT 10.0; Win64; x64) AppleWebKit/537.36 (KHTML, like Gecko) Chrome/143.0.0.0 Safari/537.36",,production,main,HIT,static,/meetings.segments/_head.segment,agencia-crm-saas.vercel.app,agencia-crm-saas-1j0x7671g-flipols-projects.vercel.app,dpl_37DHdigqJrB2Kv7qNFeJkEeYcfjR,3,cdg1,,,,prj_4lWcEkMJHXTC1JI2aKjee3xfrJyQ,,,,,
2026-02-02 14:49:25,1770043765044,agencia-crm-saas.vercel.app/expenses,GET,_rsc=1k3in,304,tw8ph-1770043765044-cc3425ddbeb8,"Mozilla/5.0 (Windows NT 10.0; Win64; x64) AppleWebKit/537.36 (KHTML, like Gecko) Chrome/143.0.0.0 Safari/537.36",,production,main,HIT,static,/expenses.segments/!KG1haW4p/expenses/__PAGE__.segment,agencia-crm-saas.vercel.app,agencia-crm-saas-1j0x7671g-flipols-projects.vercel.app,dpl_37DHdigqJrB2Kv7qNFeJkEeYcfjR,4,cdg1,,,,prj_4lWcEkMJHXTC1JI2aKjee3xfrJyQ,,,,,
2026-02-02 14:49:25,1770043765037,agencia-crm-saas.vercel.app/expenses,GET,_rsc=1mnta,304,tw8ph-1770043765037-fc48cbdf5ae5,"Mozilla/5.0 (Windows NT 10.0; Win64; x64) AppleWebKit/537.36 (KHTML, like Gecko) Chrome/143.0.0.0 Safari/537.36",,production,main,HIT,static,/expenses.segments/!KG1haW4p/expenses.segment,agencia-crm-saas.vercel.app,agencia-crm-saas-1j0x7671g-flipols-projects.vercel.app,dpl_37DHdigqJrB2Kv7qNFeJkEeYcfjR,6,cdg1,,,,prj_4lWcEkMJHXTC1JI2aKjee3xfrJyQ,,,,,
2026-02-02 14:49:24,1770043764967,agencia-crm-saas.vercel.app/expenses,GET,_rsc=14yts,304,b57pl-1770043764967-139142967192,"Mozilla/5.0 (Windows NT 10.0; Win64; x64) AppleWebKit/537.36 (KHTML, like Gecko) Chrome/143.0.0.0 Safari/537.36",,production,main,HIT,static,/expenses.segments/_head.segment,agencia-crm-saas.vercel.app,agencia-crm-saas-1j0x7671g-flipols-projects.vercel.app,dpl_37DHdigqJrB2Kv7qNFeJkEeYcfjR,6,cdg1,,,,prj_4lWcEkMJHXTC1JI2aKjee3xfrJyQ,,,,,
2026-02-02 14:49:24,1770043764966,agencia-crm-saas.vercel.app/lead-scraper,GET,_rsc=1i6dt,304,n2kdl-1770043764966-f0f2ee31299d,"Mozilla/5.0 (Windows NT 10.0; Win64; x64) AppleWebKit/537.36 (KHTML, like Gecko) Chrome/143.0.0.0 Safari/537.36",,production,main,HIT,static,/lead-scraper.segments/!KG1haW4p/lead-scraper.segment,agencia-crm-saas.vercel.app,agencia-crm-saas-1j0x7671g-flipols-projects.vercel.app,dpl_37DHdigqJrB2Kv7qNFeJkEeYcfjR,5,cdg1,,,,prj_4lWcEkMJHXTC1JI2aKjee3xfrJyQ,,,,,
2026-02-02 14:49:24,1770043764965,agencia-crm-saas.vercel.app/lead-scraper,GET,_rsc=d4f2d,304,tw8ph-1770043764965-9805e8667809,"Mozilla/5.0 (Windows NT 10.0; Win64; x64) AppleWebKit/537.36 (KHTML, like Gecko) Chrome/143.0.0.0 Safari/537.36",,production,main,HIT,static,/lead-scraper.segments/!KG1haW4p/lead-scraper/__PAGE__.segment,agencia-crm-saas.vercel.app,agencia-crm-saas-1j0x7671g-flipols-projects.vercel.app,dpl_37DHdigqJrB2Kv7qNFeJkEeYcfjR,17,cdg1,,,,prj_4lWcEkMJHXTC1JI2aKjee3xfrJyQ,,,,,
2026-02-02 14:49:24,1770043764955,agencia-crm-saas.vercel.app/lead-scraper,GET,_rsc=14yts,304,tw8ph-1770043764955-e1315d135531,"Mozilla/5.0 (Windows NT 10.0; Win64; x64) AppleWebKit/537.36 (KHTML, like Gecko) Chrome/143.0.0.0 Safari/537.36",,production,main,HIT,static,/lead-scraper.segments/_head.segment,agencia-crm-saas.vercel.app,agencia-crm-saas-1j0x7671g-flipols-projects.vercel.app,dpl_37DHdigqJrB2Kv7qNFeJkEeYcfjR,5,cdg1,,,,prj_4lWcEkMJHXTC1JI2aKjee3xfrJyQ,,,,,
2026-02-02 14:49:24,1770043764840,agencia-crm-saas.vercel.app/settings,GET,_rsc=fyoz6,304,7z2kt-1770043764840-db366fa8d5f5,"Mozilla/5.0 (Windows NT 10.0; Win64; x64) AppleWebKit/537.36 (KHTML, like Gecko) Chrome/143.0.0.0 Safari/537.36",,production,main,HIT,static,/settings.segments/!KG1haW4p/settings.segment,agencia-crm-saas.vercel.app,agencia-crm-saas-1j0x7671g-flipols-projects.vercel.app,dpl_37DHdigqJrB2Kv7qNFeJkEeYcfjR,12,cdg1,,,,prj_4lWcEkMJHXTC1JI2aKjee3xfrJyQ,,,,,
2026-02-02 14:49:24,1770043764838,agencia-crm-saas.vercel.app/settings,GET,_rsc=2ca93,304,xq5jm-1770043764838-fee3dfa9705d,"Mozilla/5.0 (Windows NT 10.0; Win64; x64) AppleWebKit/537.36 (KHTML, like Gecko) Chrome/143.0.0.0 Safari/537.36",,production,main,HIT,static,/settings.segments/!KG1haW4p/settings/__PAGE__.segment,agencia-crm-saas.vercel.app,agencia-crm-saas-1j0x7671g-flipols-projects.vercel.app,dpl_37DHdigqJrB2Kv7qNFeJkEeYcfjR,5,cdg1,,,,prj_4lWcEkMJHXTC1JI2aKjee3xfrJyQ,,,,,
2026-02-02 14:49:24,1770043764834,agencia-crm-saas.vercel.app/icon.png,GET,b4076698f618dbc1,304,tw8ph-1770043764834-37a65c77de9d,"Mozilla/5.0 (Windows NT 10.0; Win64; x64) AppleWebKit/537.36 (KHTML, like Gecko) Chrome/143.0.0.0 Safari/537.36",,production,main,HIT,static,/icon.png,agencia-crm-saas.vercel.app,agencia-crm-saas-1j0x7671g-flipols-projects.vercel.app,dpl_37DHdigqJrB2Kv7qNFeJkEeYcfjR,4,cdg1,,,,prj_4lWcEkMJHXTC1JI2aKjee3xfrJyQ,,,,,
2026-02-02 14:49:24,1770043764834,agencia-crm-saas.vercel.app/settings,GET,_rsc=i1620,304,n2kdl-1770043764834-8abd10a53f99,"Mozilla/5.0 (Windows NT 10.0; Win64; x64) AppleWebKit/537.36 (KHTML, like Gecko) Chrome/143.0.0.0 Safari/537.36",,production,main,HIT,static,/settings.segments/!KG1haW4p.segment,agencia-crm-saas.vercel.app,agencia-crm-saas-1j0x7671g-flipols-projects.vercel.app,dpl_37DHdigqJrB2Kv7qNFeJkEeYcfjR,4,cdg1,,,,prj_4lWcEkMJHXTC1JI2aKjee3xfrJyQ,,,,,
2026-02-02 14:49:24,1770043764765,agencia-crm-saas.vercel.app/settings,GET,_rsc=3siwc,304,n2kdl-1770043764765-c65373ca771c,"Mozilla/5.0 (Windows NT 10.0; Win64; x64) AppleWebKit/537.36 (KHTML, like Gecko) Chrome/143.0.0.0 Safari/537.36",,production,main,HIT,static,/settings.segments/_index.segment,agencia-crm-saas.vercel.app,agencia-crm-saas-1j0x7671g-flipols-projects.vercel.app,dpl_37DHdigqJrB2Kv7qNFeJkEeYcfjR,15,cdg1,,,,prj_4lWcEkMJHXTC1JI2aKjee3xfrJyQ,,,,,
2026-02-02 14:49:24,1770043764761,agencia-crm-saas.vercel.app/settings,GET,_rsc=14yts,304,7z2kt-1770043764761-dbedf44d50d0,"Mozilla/5.0 (Windows NT 10.0; Win64; x64) AppleWebKit/537.36 (KHTML, like Gecko) Chrome/143.0.0.0 Safari/537.36",,production,main,HIT,static,/settings.segments/_head.segment,agencia-crm-saas.vercel.app,agencia-crm-saas-1j0x7671g-flipols-projects.vercel.app,dpl_37DHdigqJrB2Kv7qNFeJkEeYcfjR,10,cdg1,,,,prj_4lWcEkMJHXTC1JI2aKjee3xfrJyQ,,,,,
2026-02-02 14:49:24,1770043764731,agencia-crm-saas.vercel.app/contacts,GET,_rsc=1c1h1,304,xq5jm-1770043764731-d2a0aa25910d,"Mozilla/5.0 (Windows NT 10.0; Win64; x64) AppleWebKit/537.36 (KHTML, like Gecko) Chrome/143.0.0.0 Safari/537.36",,production,main,HIT,static,/contacts.segments/_tree.segment,agencia-crm-saas.vercel.app,agencia-crm-saas-1j0x7671g-flipols-projects.vercel.app,dpl_37DHdigqJrB2Kv7qNFeJkEeYcfjR,36,cdg1,,,,prj_4lWcEkMJHXTC1JI2aKjee3xfrJyQ,,,,,
2026-02-02 14:49:24,1770043764704,agencia-crm-saas.vercel.app/pipeline,GET,_rsc=1c1h1,304,96tjb-1770043764704-7f57dff0f507,"Mozilla/5.0 (Windows NT 10.0; Win64; x64) AppleWebKit/537.36 (KHTML, like Gecko) Chrome/143.0.0.0 Safari/537.36",,production,main,HIT,static,/pipeline.segments/_tree.segment,agencia-crm-saas.vercel.app,agencia-crm-saas-1j0x7671g-flipols-projects.vercel.app,dpl_37DHdigqJrB2Kv7qNFeJkEeYcfjR,7,cdg1,,,,prj_4lWcEkMJHXTC1JI2aKjee3xfrJyQ,,,,,
2026-02-02 14:49:24,1770043764685,agencia-crm-saas.vercel.app/meetings,GET,_rsc=1c1h1,200,7z2kt-1770043764685-e33ba31b924b,"Mozilla/5.0 (Windows NT 10.0; Win64; x64) AppleWebKit/537.36 (KHTML, like Gecko) Chrome/143.0.0.0 Safari/537.36",,production,main,HIT,static,/meetings.segments/_tree.segment,agencia-crm-saas.vercel.app,agencia-crm-saas-1j0x7671g-flipols-projects.vercel.app,dpl_37DHdigqJrB2Kv7qNFeJkEeYcfjR,29,cdg1,,,,prj_4lWcEkMJHXTC1JI2aKjee3xfrJyQ,,,,,
2026-02-02 14:49:24,1770043764655,agencia-crm-saas.vercel.app/tasks,GET,_rsc=1c1h1,304,9gphx-1770043764655-96c75623aba8,"Mozilla/5.0 (Windows NT 10.0; Win64; x64) AppleWebKit/537.36 (KHTML, like Gecko) Chrome/143.0.0.0 Safari/537.36",,production,main,HIT,static,/tasks.segments/_tree.segment,agencia-crm-saas.vercel.app,agencia-crm-saas-1j0x7671g-flipols-projects.vercel.app,dpl_37DHdigqJrB2Kv7qNFeJkEeYcfjR,5,cdg1,,,,prj_4lWcEkMJHXTC1JI2aKjee3xfrJyQ,,,,,
2026-02-02 14:49:24,1770043764630,agencia-crm-saas.vercel.app/invoices,GET,_rsc=1c1h1,200,tw8ph-1770043764630-90878a7790dd,"Mozilla/5.0 (Windows NT 10.0; Win64; x64) AppleWebKit/537.36 (KHTML, like Gecko) Chrome/143.0.0.0 Safari/537.36",,production,main,STALE,function,/invoices.segments/_tree.segment.rsc,agencia-crm-saas.vercel.app,agencia-crm-saas-1j0x7671g-flipols-projects.vercel.app,dpl_37DHdigqJrB2Kv7qNFeJkEeYcfjR,362,iad1,303,2048,,prj_4lWcEkMJHXTC1JI2aKjee3xfrJyQ,,,01KGFD8WD5VC1XP0R9QG5FD3FV,eELTA2aUSr7E,1
2026-02-02 14:49:24,1770043764630,agencia-crm-saas.vercel.app/invoices,GET,_rsc=1c1h1,200,tw8ph-1770043764630-90878a7790dd,"Mozilla/5.0 (Windows NT 10.0; Win64; x64) AppleWebKit/537.36 (KHTML, like Gecko) Chrome/143.0.0.0 Safari/537.36",,production,main,STALE,static,/invoices.segments/_tree.segment,agencia-crm-saas.vercel.app,agencia-crm-saas-1j0x7671g-flipols-projects.vercel.app,dpl_37DHdigqJrB2Kv7qNFeJkEeYcfjR,140,cdg1,,,,prj_4lWcEkMJHXTC1JI2aKjee3xfrJyQ,,,,,
2026-02-02 14:49:24,1770043764618,agencia-crm-saas.vercel.app/team-chat,GET,_rsc=1c1h1,304,96tjb-1770043764618-58c2685400d9,"Mozilla/5.0 (Windows NT 10.0; Win64; x64) AppleWebKit/537.36 (KHTML, like Gecko) Chrome/143.0.0.0 Safari/537.36",,production,main,HIT,static,/team-chat.segments/_tree.segment,agencia-crm-saas.vercel.app,agencia-crm-saas-1j0x7671g-flipols-projects.vercel.app,dpl_37DHdigqJrB2Kv7qNFeJkEeYcfjR,11,cdg1,,,,prj_4lWcEkMJHXTC1JI2aKjee3xfrJyQ,,,,,
2026-02-02 14:49:24,1770043764586,agencia-crm-saas.vercel.app/lead-scraper,GET,_rsc=1c1h1,304,7z2kt-1770043764586-60d7898560ad,"Mozilla/5.0 (Windows NT 10.0; Win64; x64) AppleWebKit/537.36 (KHTML, like Gecko) Chrome/143.0.0.0 Safari/537.36",,production,main,HIT,static,/lead-scraper.segments/_tree.segment,agencia-crm-saas.vercel.app,agencia-crm-saas-1j0x7671g-flipols-projects.vercel.app,dpl_37DHdigqJrB2Kv7qNFeJkEeYcfjR,78,cdg1,,,,prj_4lWcEkMJHXTC1JI2aKjee3xfrJyQ,,,,,
2026-02-02 14:49:24,1770043764584,agencia-crm-saas.vercel.app/expenses,GET,_rsc=1c1h1,304,tw8ph-1770043764584-5fb411c32835,"Mozilla/5.0 (Windows NT 10.0; Win64; x64) AppleWebKit/537.36 (KHTML, like Gecko) Chrome/143.0.0.0 Safari/537.36",,production,main,HIT,static,/expenses.segments/_tree.segment,agencia-crm-saas.vercel.app,agencia-crm-saas-1j0x7671g-flipols-projects.vercel.app,dpl_37DHdigqJrB2Kv7qNFeJkEeYcfjR,14,cdg1,,,,prj_4lWcEkMJHXTC1JI2aKjee3xfrJyQ,,,,,
2026-02-02 14:49:24,1770043764572,agencia-crm-saas.vercel.app/settings,GET,_rsc=1c1h1,304,b57pl-1770043764572-75cee5613f8a,"Mozilla/5.0 (Windows NT 10.0; Win64; x64) AppleWebKit/537.36 (KHTML, like Gecko) Chrome/143.0.0.0 Safari/537.36",,production,main,HIT,static,/settings.segments/_tree.segment,agencia-crm-saas.vercel.app,agencia-crm-saas-1j0x7671g-flipols-projects.vercel.app,dpl_37DHdigqJrB2Kv7qNFeJkEeYcfjR,10,cdg1,,,,prj_4lWcEkMJHXTC1JI2aKjee3xfrJyQ,,,,,
2026-02-02 14:49:24,1770043764565,agencia-crm-saas.vercel.app/dashboard,GET,_rsc=1c1h1,304,tw8ph-1770043764565-63970b7c57e7,"Mozilla/5.0 (Windows NT 10.0; Win64; x64) AppleWebKit/537.36 (KHTML, like Gecko) Chrome/143.0.0.0 Safari/537.36",,production,main,HIT,static,/dashboard.segments/_tree.segment,agencia-crm-saas.vercel.app,agencia-crm-saas-1j0x7671g-flipols-projects.vercel.app,dpl_37DHdigqJrB2Kv7qNFeJkEeYcfjR,9,cdg1,,,,prj_4lWcEkMJHXTC1JI2aKjee3xfrJyQ,,,,,
2026-02-02 14:49:24,1770043764177,agencia-crm-saas.vercel.app/meetings,POST,,200,n2kdl-1770043764177-750897550ef7,"Mozilla/5.0 (Windows NT 10.0; Win64; x64) AppleWebKit/537.36 (KHTML, like Gecko) Chrome/143.0.0.0 Safari/537.36",,production,main,HIT,cache,/meetings,agencia-crm-saas.vercel.app,agencia-crm-saas-1j0x7671g-flipols-projects.vercel.app,dpl_37DHdigqJrB2Kv7qNFeJkEeYcfjR,419,iad1,298,2048,,prj_4lWcEkMJHXTC1JI2aKjee3xfrJyQ,,,01KGFD8VGWYFPZZD78X5YZYK4Z,eELTA2aUSr7E,1
2026-02-02 14:49:24,1770043764177,agencia-crm-saas.vercel.app/meetings,POST,,200,n2kdl-1770043764177-750897550ef7,"Mozilla/5.0 (Windows NT 10.0; Win64; x64) AppleWebKit/537.36 (KHTML, like Gecko) Chrome/143.0.0.0 Safari/537.36",,production,main,HIT,static,/meetings,agencia-crm-saas.vercel.app,agencia-crm-saas-1j0x7671g-flipols-projects.vercel.app,dpl_37DHdigqJrB2Kv7qNFeJkEeYcfjR,546,cdg1,,,,prj_4lWcEkMJHXTC1JI2aKjee3xfrJyQ,,,,,
2026-02-02 14:49:21,1770043761247,agencia-crm-saas.vercel.app/meetings,POST,,200,xq5jm-1770043761247-3dfef3aa01e7,"Mozilla/5.0 (Windows NT 10.0; Win64; x64) AppleWebKit/537.36 (KHTML, like Gecko) Chrome/143.0.0.0 Safari/537.36",,production,main,HIT,cache,/meetings,agencia-crm-saas.vercel.app,agencia-crm-saas-1j0x7671g-flipols-projects.vercel.app,dpl_37DHdigqJrB2Kv7qNFeJkEeYcfjR,1195,iad1,294,2048,,prj_4lWcEkMJHXTC1JI2aKjee3xfrJyQ,,,01KGFD8RS3BD23A79A1C6QRE3H,eELTA2aUSr7E,1
2026-02-02 14:49:21,1770043761247,agencia-crm-saas.vercel.app/meetings,POST,,200,xq5jm-1770043761247-3dfef3aa01e7,"Mozilla/5.0 (Windows NT 10.0; Win64; x64) AppleWebKit/537.36 (KHTML, like Gecko) Chrome/143.0.0.0 Safari/537.36",,production,main,HIT,static,/meetings,agencia-crm-saas.vercel.app,agencia-crm-saas-1j0x7671g-flipols-projects.vercel.app,dpl_37DHdigqJrB2Kv7qNFeJkEeYcfjR,1662,cdg1,,,,prj_4lWcEkMJHXTC1JI2aKjee3xfrJyQ,,,,,
2026-02-02 14:49:21,1770043761149,agencia-crm-saas.vercel.app/manifest.webmanifest,GET,,200,nq7th-1770043761149-dfa02b1aaa16,"Mozilla/5.0 (Windows NT 10.0; Win64; x64) AppleWebKit/537.36 (KHTML, like Gecko) Chrome/143.0.0.0 Safari/537.36",,production,main,PRERENDER,static,/manifest.webmanifest,agencia-crm-saas.vercel.app,agencia-crm-saas-1j0x7671g-flipols-projects.vercel.app,dpl_37DHdigqJrB2Kv7qNFeJkEeYcfjR,293,cdg1,,,,prj_4lWcEkMJHXTC1JI2aKjee3xfrJyQ,,,,,
2026-02-02 14:45:08,1770043508927,agencia-crm-saas.vercel.app/api/cron/email-sync,GET,secret=aurie-maquina-2026,200,bnk8z-1770043508837-cd1ca89a4980,Mozilla/4.0 (compatible; cron-job.org; http://cron-job.org/abuse/),info,production,main,MISS,function,/api/cron/email-sync,agencia-crm-saas.vercel.app,agencia-crm-saas.vercel.app,dpl_37DHdigqJrB2Kv7qNFeJkEeYcfjR,,,,,[Sync] Iniciando sincronización global de emails via IMAP...,prj_4lWcEkMJHXTC1JI2aKjee3xfrJyQ,,,,,
2026-02-02 14:45:20,1770043520089,agencia-crm-saas.vercel.app/api/cron/email-sync,GET,secret=aurie-maquina-2026,200,bnk8z-1770043508837-cd1ca89a4980,Mozilla/4.0 (compatible; cron-job.org; http://cron-job.org/abuse/),info,production,main,MISS,function,/api/cron/email-sync,agencia-crm-saas.vercel.app,agencia-crm-saas.vercel.app,dpl_37DHdigqJrB2Kv7qNFeJkEeYcfjR,,,,,[Sync] Sincronización completada. 0 correos nuevos notificados.,prj_4lWcEkMJHXTC1JI2aKjee3xfrJyQ,,,,,
2026-02-02 14:45:08,1770043508837,agencia-crm-saas.vercel.app/api/cron/email-sync,GET,secret=aurie-maquina-2026,200,bnk8z-1770043508837-cd1ca89a4980,Mozilla/4.0 (compatible; cron-job.org; http://cron-job.org/abuse/),,production,main,MISS,function,/api/cron/email-sync,agencia-crm-saas.vercel.app,agencia-crm-saas.vercel.app,dpl_37DHdigqJrB2Kv7qNFeJkEeYcfjR,11178,iad1,317,2048,,prj_4lWcEkMJHXTC1JI2aKjee3xfrJyQ,,,01KGFD1252R3XH2VVQZ135G98K,DZSQWk8OEspD,1
2026-02-02 14:40:08,1770043208826,agencia-crm-saas.vercel.app/api/cron/email-sync,GET,secret=aurie-maquina-2026,200,bnk8z-1770043208581-83123b37e1da,Mozilla/4.0 (compatible; cron-job.org; http://cron-job.org/abuse/),info,production,main,MISS,function,/api/cron/email-sync,agencia-crm-saas.vercel.app,agencia-crm-saas.vercel.app,dpl_37DHdigqJrB2Kv7qNFeJkEeYcfjR,,,,,[Sync] Iniciando sincronización global de emails via IMAP...,prj_4lWcEkMJHXTC1JI2aKjee3xfrJyQ,,,,,
2026-02-02 14:40:19,1770043219924,agencia-crm-saas.vercel.app/api/cron/email-sync,GET,secret=aurie-maquina-2026,200,bnk8z-1770043208581-83123b37e1da,Mozilla/4.0 (compatible; cron-job.org; http://cron-job.org/abuse/),info,production,main,MISS,function,/api/cron/email-sync,agencia-crm-saas.vercel.app,agencia-crm-saas.vercel.app,dpl_37DHdigqJrB2Kv7qNFeJkEeYcfjR,,,,,[Sync] Sincronización completada. 0 correos nuevos notificados.,prj_4lWcEkMJHXTC1JI2aKjee3xfrJyQ,,,,,
2026-02-02 14:40:08,1770043208581,agencia-crm-saas.vercel.app/api/cron/email-sync,GET,secret=aurie-maquina-2026,200,bnk8z-1770043208581-83123b37e1da,Mozilla/4.0 (compatible; cron-job.org; http://cron-job.org/abuse/),,production,main,MISS,function,/api/cron/email-sync,agencia-crm-saas.vercel.app,agencia-crm-saas.vercel.app,dpl_37DHdigqJrB2Kv7qNFeJkEeYcfjR,11129,iad1,316,2048,,prj_4lWcEkMJHXTC1JI2aKjee3xfrJyQ,,,01KGFCQX29PWHDAVSA3RP4D190,DZSQWk8OEspD,1
2026-02-02 14:37:04,1770043024030,agencia-crm-saas.vercel.app/dashboard,GET,_rsc=8j4j4,304,2vrh9-1770043024030-9b529e9749b6,"Mozilla/5.0 (Windows NT 10.0; Win64; x64) AppleWebKit/537.36 (KHTML, like Gecko) Chrome/143.0.0.0 Safari/537.36",,production,main,HIT,static,/dashboard.segments/!KG1haW4p/dashboard/__PAGE__.segment,agencia-crm-saas.vercel.app,agencia-crm-saas-1j0x7671g-flipols-projects.vercel.app,dpl_37DHdigqJrB2Kv7qNFeJkEeYcfjR,6,cdg1,,,,prj_4lWcEkMJHXTC1JI2aKjee3xfrJyQ,,,,,
2026-02-02 14:37:04,1770043024026,agencia-crm-saas.vercel.app/dashboard,GET,_rsc=jc7y3,304,gfs48-1770043024026-742c4b050682,"Mozilla/5.0 (Windows NT 10.0; Win64; x64) AppleWebKit/537.36 (KHTML, like Gecko) Chrome/143.0.0.0 Safari/537.36",,production,main,HIT,static,/dashboard.segments/!KG1haW4p/dashboard.segment,agencia-crm-saas.vercel.app,agencia-crm-saas-1j0x7671g-flipols-projects.vercel.app,dpl_37DHdigqJrB2Kv7qNFeJkEeYcfjR,9,cdg1,,,,prj_4lWcEkMJHXTC1JI2aKjee3xfrJyQ,,,,,
2026-02-02 14:37:03,1770043023991,agencia-crm-saas.vercel.app/dashboard,GET,_rsc=14yts,304,gfs48-1770043023991-85702efc0618,"Mozilla/5.0 (Windows NT 10.0; Win64; x64) AppleWebKit/537.36 (KHTML, like Gecko) Chrome/143.0.0.0 Safari/537.36",,production,main,HIT,static,/dashboard.segments/_head.segment,agencia-crm-saas.vercel.app,agencia-crm-saas-1j0x7671g-flipols-projects.vercel.app,dpl_37DHdigqJrB2Kv7qNFeJkEeYcfjR,5,cdg1,,,,prj_4lWcEkMJHXTC1JI2aKjee3xfrJyQ,,,,,
2026-02-02 14:37:03,1770043023984,agencia-crm-saas.vercel.app/pipeline,GET,_rsc=1c3ys,304,2vrh9-1770043023984-a305d14ee530,"Mozilla/5.0 (Windows NT 10.0; Win64; x64) AppleWebKit/537.36 (KHTML, like Gecko) Chrome/143.0.0.0 Safari/537.36",,production,main,HIT,static,/pipeline.segments/!KG1haW4p/pipeline/__PAGE__.segment,agencia-crm-saas.vercel.app,agencia-crm-saas-1j0x7671g-flipols-projects.vercel.app,dpl_37DHdigqJrB2Kv7qNFeJkEeYcfjR,11,cdg1,,,,prj_4lWcEkMJHXTC1JI2aKjee3xfrJyQ,,,,,
2026-02-02 14:37:03,1770043023982,agencia-crm-saas.vercel.app/pipeline,GET,_rsc=zu5sb,304,gfs48-1770043023982-6ab334acd46f,"Mozilla/5.0 (Windows NT 10.0; Win64; x64) AppleWebKit/537.36 (KHTML, like Gecko) Chrome/143.0.0.0 Safari/537.36",,production,main,HIT,static,/pipeline.segments/!KG1haW4p/pipeline.segment,agencia-crm-saas.vercel.app,agencia-crm-saas-1j0x7671g-flipols-projects.vercel.app,dpl_37DHdigqJrB2Kv7qNFeJkEeYcfjR,8,cdg1,,,,prj_4lWcEkMJHXTC1JI2aKjee3xfrJyQ,,,,,
2026-02-02 14:37:03,1770043023980,agencia-crm-saas.vercel.app/pipeline,GET,_rsc=14yts,304,2vrh9-1770043023980-0114d5e4dbc8,"Mozilla/5.0 (Windows NT 10.0; Win64; x64) AppleWebKit/537.36 (KHTML, like Gecko) Chrome/143.0.0.0 Safari/537.36",,production,main,HIT,static,/pipeline.segments/_head.segment,agencia-crm-saas.vercel.app,agencia-crm-saas-1j0x7671g-flipols-projects.vercel.app,dpl_37DHdigqJrB2Kv7qNFeJkEeYcfjR,3,cdg1,,,,prj_4lWcEkMJHXTC1JI2aKjee3xfrJyQ,,,,,
2026-02-02 14:37:03,1770043023949,agencia-crm-saas.vercel.app/contacts,GET,_rsc=du8fk,304,2vrh9-1770043023949-89cb1a1dbda7,"Mozilla/5.0 (Windows NT 10.0; Win64; x64) AppleWebKit/537.36 (KHTML, like Gecko) Chrome/143.0.0.0 Safari/537.36",,production,main,HIT,static,/contacts.segments/!KG1haW4p/contacts/__PAGE__.segment,agencia-crm-saas.vercel.app,agencia-crm-saas-1j0x7671g-flipols-projects.vercel.app,dpl_37DHdigqJrB2Kv7qNFeJkEeYcfjR,4,cdg1,,,,prj_4lWcEkMJHXTC1JI2aKjee3xfrJyQ,,,,,
2026-02-02 14:37:03,1770043023944,agencia-crm-saas.vercel.app/contacts,GET,_rsc=sr4gp,304,2vrh9-1770043023944-2dc1d4f1df70,"Mozilla/5.0 (Windows NT 10.0; Win64; x64) AppleWebKit/537.36 (KHTML, like Gecko) Chrome/143.0.0.0 Safari/537.36",,production,main,HIT,static,/contacts.segments/!KG1haW4p/contacts.segment,agencia-crm-saas.vercel.app,agencia-crm-saas-1j0x7671g-flipols-projects.vercel.app,dpl_37DHdigqJrB2Kv7qNFeJkEeYcfjR,5,cdg1,,,,prj_4lWcEkMJHXTC1JI2aKjee3xfrJyQ,,,,,
2026-02-02 14:37:03,1770043023942,agencia-crm-saas.vercel.app/contacts,GET,_rsc=14yts,304,gfs48-1770043023942-a897e9555746,"Mozilla/5.0 (Windows NT 10.0; Win64; x64) AppleWebKit/537.36 (KHTML, like Gecko) Chrome/143.0.0.0 Safari/537.36",,production,main,HIT,static,/contacts.segments/_head.segment,agencia-crm-saas.vercel.app,agencia-crm-saas-1j0x7671g-flipols-projects.vercel.app,dpl_37DHdigqJrB2Kv7qNFeJkEeYcfjR,5,cdg1,,,,prj_4lWcEkMJHXTC1JI2aKjee3xfrJyQ,,,,,
2026-02-02 14:37:03,1770043023892,agencia-crm-saas.vercel.app/tasks,GET,_rsc=f08kr,304,gfs48-1770043023892-7da27d706df2,"Mozilla/5.0 (Windows NT 10.0; Win64; x64) AppleWebKit/537.36 (KHTML, like Gecko) Chrome/143.0.0.0 Safari/537.36",,production,main,HIT,static,/tasks.segments/!KG1haW4p/tasks.segment,agencia-crm-saas.vercel.app,agencia-crm-saas-1j0x7671g-flipols-projects.vercel.app,dpl_37DHdigqJrB2Kv7qNFeJkEeYcfjR,5,cdg1,,,,prj_4lWcEkMJHXTC1JI2aKjee3xfrJyQ,,,,,
2026-02-02 14:37:03,1770043023892,agencia-crm-saas.vercel.app/tasks,GET,_rsc=bnann,304,2vrh9-1770043023892-2c1e86a40914,"Mozilla/5.0 (Windows NT 10.0; Win64; x64) AppleWebKit/537.36 (KHTML, like Gecko) Chrome/143.0.0.0 Safari/537.36",,production,main,HIT,static,/tasks.segments/!KG1haW4p/tasks/__PAGE__.segment,agencia-crm-saas.vercel.app,agencia-crm-saas-1j0x7671g-flipols-projects.vercel.app,dpl_37DHdigqJrB2Kv7qNFeJkEeYcfjR,4,cdg1,,,,prj_4lWcEkMJHXTC1JI2aKjee3xfrJyQ,,,,,
2026-02-02 14:37:03,1770043023890,agencia-crm-saas.vercel.app/tasks,GET,_rsc=14yts,304,lpmtr-1770043023890-589bca723241,"Mozilla/5.0 (Windows NT 10.0; Win64; x64) AppleWebKit/537.36 (KHTML, like Gecko) Chrome/143.0.0.0 Safari/537.36",,production,main,HIT,static,/tasks.segments/_head.segment,agencia-crm-saas.vercel.app,agencia-crm-saas-1j0x7671g-flipols-projects.vercel.app,dpl_37DHdigqJrB2Kv7qNFeJkEeYcfjR,5,cdg1,,,,prj_4lWcEkMJHXTC1JI2aKjee3xfrJyQ,,,,,
2026-02-02 14:37:03,1770043023886,agencia-crm-saas.vercel.app/icon.png,GET,b4076698f618dbc1,304,2vrh9-1770043023886-2340539c79bc,"Mozilla/5.0 (Windows NT 10.0; Win64; x64) AppleWebKit/537.36 (KHTML, like Gecko) Chrome/143.0.0.0 Safari/537.36",,production,main,HIT,static,/icon.png,agencia-crm-saas.vercel.app,agencia-crm-saas-1j0x7671g-flipols-projects.vercel.app,dpl_37DHdigqJrB2Kv7qNFeJkEeYcfjR,4,cdg1,,,,prj_4lWcEkMJHXTC1JI2aKjee3xfrJyQ,,,,,
2026-02-02 14:37:03,1770043023840,agencia-crm-saas.vercel.app/invoices,GET,_rsc=2oduw,200,qh8hj-1770043023840-a89d296dfa59,"Mozilla/5.0 (Windows NT 10.0; Win64; x64) AppleWebKit/537.36 (KHTML, like Gecko) Chrome/143.0.0.0 Safari/537.36",,production,main,STALE,function,/invoices.segments/!KG1haW4p/invoices/__PAGE__.segment.rsc,agencia-crm-saas.vercel.app,agencia-crm-saas-1j0x7671g-flipols-projects.vercel.app,dpl_37DHdigqJrB2Kv7qNFeJkEeYcfjR,1099,iad1,291,2048,,prj_4lWcEkMJHXTC1JI2aKjee3xfrJyQ,,,01KGFCJ8Q2FZ826X1MYGTSGZDX,YO76wJJo5j1k,1
2026-02-02 14:37:03,1770043023840,agencia-crm-saas.vercel.app/invoices,GET,_rsc=2oduw,200,qh8hj-1770043023840-a89d296dfa59,"Mozilla/5.0 (Windows NT 10.0; Win64; x64) AppleWebKit/537.36 (KHTML, like Gecko) Chrome/143.0.0.0 Safari/537.36",,production,main,STALE,static,/invoices.segments/!KG1haW4p/invoices/__PAGE__.segment,agencia-crm-saas.vercel.app,agencia-crm-saas-1j0x7671g-flipols-projects.vercel.app,dpl_37DHdigqJrB2Kv7qNFeJkEeYcfjR,5,cdg1,,,,prj_4lWcEkMJHXTC1JI2aKjee3xfrJyQ,,,,,
2026-02-02 14:37:03,1770043023827,agencia-crm-saas.vercel.app/invoices,GET,_rsc=1xng9,200,f29xb-1770043023827-59ae2bbc724f,"Mozilla/5.0 (Windows NT 10.0; Win64; x64) AppleWebKit/537.36 (KHTML, like Gecko) Chrome/143.0.0.0 Safari/537.36",,production,main,STALE,function,/invoices.segments/!KG1haW4p/invoices.segment.rsc,agencia-crm-saas.vercel.app,agencia-crm-saas-1j0x7671g-flipols-projects.vercel.app,dpl_37DHdigqJrB2Kv7qNFeJkEeYcfjR,1435,iad1,292,2048,,prj_4lWcEkMJHXTC1JI2aKjee3xfrJyQ,,,01KGFCJ8QXYEM5DJYZZHWGVAVV,7qvmBGIaqVhN,1
2026-02-02 14:37:03,1770043023827,agencia-crm-saas.vercel.app/invoices,GET,_rsc=1xng9,200,f29xb-1770043023827-59ae2bbc724f,"Mozilla/5.0 (Windows NT 10.0; Win64; x64) AppleWebKit/537.36 (KHTML, like Gecko) Chrome/143.0.0.0 Safari/537.36",,production,main,STALE,static,/invoices.segments/!KG1haW4p/invoices.segment,agencia-crm-saas.vercel.app,agencia-crm-saas-1j0x7671g-flipols-projects.vercel.app,dpl_37DHdigqJrB2Kv7qNFeJkEeYcfjR,11,cdg1,,,,prj_4lWcEkMJHXTC1JI2aKjee3xfrJyQ,,,,,
2026-02-02 14:37:03,1770043023790,agencia-crm-saas.vercel.app/invoices,GET,_rsc=14yts,200,5jk2d-1770043023790-5942985e3fd4,"Mozilla/5.0 (Windows NT 10.0; Win64; x64) AppleWebKit/537.36 (KHTML, like Gecko) Chrome/143.0.0.0 Safari/537.36",,production,main,STALE,function,/invoices.segments/_head.segment.rsc,agencia-crm-saas.vercel.app,agencia-crm-saas-1j0x7671g-flipols-projects.vercel.app,dpl_37DHdigqJrB2Kv7qNFeJkEeYcfjR,1273,iad1,288,2048,,prj_4lWcEkMJHXTC1JI2aKjee3xfrJyQ,,,01KGFCJ8NHFXX3FSPP3PZYCSZJ,i0Yve8me8i2M,1
2026-02-02 14:37:03,1770043023790,agencia-crm-saas.vercel.app/invoices,GET,_rsc=14yts,200,5jk2d-1770043023790-5942985e3fd4,"Mozilla/5.0 (Windows NT 10.0; Win64; x64) AppleWebKit/537.36 (KHTML, like Gecko) Chrome/143.0.0.0 Safari/537.36",,production,main,STALE,static,/invoices.segments/_head.segment,agencia-crm-saas.vercel.app,agencia-crm-saas-1j0x7671g-flipols-projects.vercel.app,dpl_37DHdigqJrB2Kv7qNFeJkEeYcfjR,4,cdg1,,,,prj_4lWcEkMJHXTC1JI2aKjee3xfrJyQ,,,,,
2026-02-02 14:37:03,1770043023749,agencia-crm-saas.vercel.app/team-chat,GET,_rsc=1wnj2,304,5jk2d-1770043023749-3fcf7335e74c,"Mozilla/5.0 (Windows NT 10.0; Win64; x64) AppleWebKit/537.36 (KHTML, like Gecko) Chrome/143.0.0.0 Safari/537.36",,production,main,HIT,static,/team-chat.segments/!KG1haW4p/team-chat/__PAGE__.segment,agencia-crm-saas.vercel.app,agencia-crm-saas-1j0x7671g-flipols-projects.vercel.app,dpl_37DHdigqJrB2Kv7qNFeJkEeYcfjR,9,cdg1,,,,prj_4lWcEkMJHXTC1JI2aKjee3xfrJyQ,,,,,
2026-02-02 14:37:03,1770043023710,agencia-crm-saas.vercel.app/team-chat,GET,_rsc=idjab,304,2vrh9-1770043023710-40935ab6364e,"Mozilla/5.0 (Windows NT 10.0; Win64; x64) AppleWebKit/537.36 (KHTML, like Gecko) Chrome/143.0.0.0 Safari/537.36",,production,main,HIT,static,/team-chat.segments/!KG1haW4p/team-chat.segment,agencia-crm-saas.vercel.app,agencia-crm-saas-1j0x7671g-flipols-projects.vercel.app,dpl_37DHdigqJrB2Kv7qNFeJkEeYcfjR,6,cdg1,,,,prj_4lWcEkMJHXTC1JI2aKjee3xfrJyQ,,,,,
2026-02-02 14:37:03,1770043023674,agencia-crm-saas.vercel.app/team-chat,GET,_rsc=14yts,304,dbk86-1770043023674-49ed230c8992,"Mozilla/5.0 (Windows NT 10.0; Win64; x64) AppleWebKit/537.36 (KHTML, like Gecko) Chrome/143.0.0.0 Safari/537.36",,production,main,HIT,static,/team-chat.segments/_head.segment,agencia-crm-saas.vercel.app,agencia-crm-saas-1j0x7671g-flipols-projects.vercel.app,dpl_37DHdigqJrB2Kv7qNFeJkEeYcfjR,6,cdg1,,,,prj_4lWcEkMJHXTC1JI2aKjee3xfrJyQ,,,,,
2026-02-02 14:37:03,1770043023674,agencia-crm-saas.vercel.app/meetings,GET,_rsc=1q2d0,200,9gphx-1770043023674-178a26fc7d9a,"Mozilla/5.0 (Windows NT 10.0; Win64; x64) AppleWebKit/537.36 (KHTML, like Gecko) Chrome/143.0.0.0 Safari/537.36",,production,main,HIT,static,/meetings.segments/!KG1haW4p/meetings/__PAGE__.segment,agencia-crm-saas.vercel.app,agencia-crm-saas-1j0x7671g-flipols-projects.vercel.app,dpl_37DHdigqJrB2Kv7qNFeJkEeYcfjR,162,cdg1,,,,prj_4lWcEkMJHXTC1JI2aKjee3xfrJyQ,,,,,
2026-02-02 14:37:03,1770043023656,agencia-crm-saas.vercel.app/meetings,GET,_rsc=yrrzk,200,qh8hj-1770043023656-838ef045cca3,"Mozilla/5.0 (Windows NT 10.0; Win64; x64) AppleWebKit/537.36 (KHTML, like Gecko) Chrome/143.0.0.0 Safari/537.36",,production,main,HIT,static,/meetings.segments/!KG1haW4p/meetings.segment,agencia-crm-saas.vercel.app,agencia-crm-saas-1j0x7671g-flipols-projects.vercel.app,dpl_37DHdigqJrB2Kv7qNFeJkEeYcfjR,153,cdg1,,,,prj_4lWcEkMJHXTC1JI2aKjee3xfrJyQ,,,,,
2026-02-02 14:37:03,1770043023653,agencia-crm-saas.vercel.app/meetings,GET,_rsc=14yts,200,vwgqx-1770043023653-8186bf1186f6,"Mozilla/5.0 (Windows NT 10.0; Win64; x64) AppleWebKit/537.36 (KHTML, like Gecko) Chrome/143.0.0.0 Safari/537.36",,production,main,HIT,static,/meetings.segments/_head.segment,agencia-crm-saas.vercel.app,agencia-crm-saas-1j0x7671g-flipols-projects.vercel.app,dpl_37DHdigqJrB2Kv7qNFeJkEeYcfjR,291,cdg1,,,,prj_4lWcEkMJHXTC1JI2aKjee3xfrJyQ,,,,,
2026-02-02 14:37:03,1770043023621,agencia-crm-saas.vercel.app/expenses,GET,_rsc=1k3in,304,qh8hj-1770043023621-baeb8ff7cb65,"Mozilla/5.0 (Windows NT 10.0; Win64; x64) AppleWebKit/537.36 (KHTML, like Gecko) Chrome/143.0.0.0 Safari/537.36",,production,main,HIT,static,/expenses.segments/!KG1haW4p/expenses/__PAGE__.segment,agencia-crm-saas.vercel.app,agencia-crm-saas-1j0x7671g-flipols-projects.vercel.app,dpl_37DHdigqJrB2Kv7qNFeJkEeYcfjR,5,cdg1,,,,prj_4lWcEkMJHXTC1JI2aKjee3xfrJyQ,,,,,
2026-02-02 14:37:03,1770043023608,agencia-crm-saas.vercel.app/expenses,GET,_rsc=1mnta,304,9gphx-1770043023608-d539d3fb0343,"Mozilla/5.0 (Windows NT 10.0; Win64; x64) AppleWebKit/537.36 (KHTML, like Gecko) Chrome/143.0.0.0 Safari/537.36",,production,main,HIT,static,/expenses.segments/!KG1haW4p/expenses.segment,agencia-crm-saas.vercel.app,agencia-crm-saas-1j0x7671g-flipols-projects.vercel.app,dpl_37DHdigqJrB2Kv7qNFeJkEeYcfjR,4,cdg1,,,,prj_4lWcEkMJHXTC1JI2aKjee3xfrJyQ,,,,,
2026-02-02 14:37:03,1770043023607,agencia-crm-saas.vercel.app/expenses,GET,_rsc=14yts,304,lpmtr-1770043023607-775f0e782d9d,"Mozilla/5.0 (Windows NT 10.0; Win64; x64) AppleWebKit/537.36 (KHTML, like Gecko) Chrome/143.0.0.0 Safari/537.36",,production,main,HIT,static,/expenses.segments/_head.segment,agencia-crm-saas.vercel.app,agencia-crm-saas-1j0x7671g-flipols-projects.vercel.app,dpl_37DHdigqJrB2Kv7qNFeJkEeYcfjR,34,cdg1,,,,prj_4lWcEkMJHXTC1JI2aKjee3xfrJyQ,,,,,
2026-02-02 14:37:03,1770043023581,agencia-crm-saas.vercel.app/lead-scraper,GET,_rsc=d4f2d,304,9gphx-1770043023581-ff2a83f76452,"Mozilla/5.0 (Windows NT 10.0; Win64; x64) AppleWebKit/537.36 (KHTML, like Gecko) Chrome/143.0.0.0 Safari/537.36",,production,main,HIT,static,/lead-scraper.segments/!KG1haW4p/lead-scraper/__PAGE__.segment,agencia-crm-saas.vercel.app,agencia-crm-saas-1j0x7671g-flipols-projects.vercel.app,dpl_37DHdigqJrB2Kv7qNFeJkEeYcfjR,4,cdg1,,,,prj_4lWcEkMJHXTC1JI2aKjee3xfrJyQ,,,,,
2026-02-02 14:37:03,1770043023566,agencia-crm-saas.vercel.app/lead-scraper,GET,_rsc=1i6dt,304,gfs48-1770043023566-f63861e4024f,"Mozilla/5.0 (Windows NT 10.0; Win64; x64) AppleWebKit/537.36 (KHTML, like Gecko) Chrome/143.0.0.0 Safari/537.36",,production,main,HIT,static,/lead-scraper.segments/!KG1haW4p/lead-scraper.segment,agencia-crm-saas.vercel.app,agencia-crm-saas-1j0x7671g-flipols-projects.vercel.app,dpl_37DHdigqJrB2Kv7qNFeJkEeYcfjR,7,cdg1,,,,prj_4lWcEkMJHXTC1JI2aKjee3xfrJyQ,,,,,
2026-02-02 14:37:03,1770043023544,agencia-crm-saas.vercel.app/lead-scraper,GET,_rsc=14yts,304,rwd9w-1770043023544-04875472b2ac,"Mozilla/5.0 (Windows NT 10.0; Win64; x64) AppleWebKit/537.36 (KHTML, like Gecko) Chrome/143.0.0.0 Safari/537.36",,production,main,HIT,static,/lead-scraper.segments/_head.segment,agencia-crm-saas.vercel.app,agencia-crm-saas-1j0x7671g-flipols-projects.vercel.app,dpl_37DHdigqJrB2Kv7qNFeJkEeYcfjR,5,cdg1,,,,prj_4lWcEkMJHXTC1JI2aKjee3xfrJyQ,,,,,
2026-02-02 14:37:03,1770043023522,agencia-crm-saas.vercel.app/settings,GET,_rsc=2ca93,304,rwd9w-1770043023522-9b7c20ee834a,"Mozilla/5.0 (Windows NT 10.0; Win64; x64) AppleWebKit/537.36 (KHTML, like Gecko) Chrome/143.0.0.0 Safari/537.36",,production,main,HIT,static,/settings.segments/!KG1haW4p/settings/__PAGE__.segment,agencia-crm-saas.vercel.app,agencia-crm-saas-1j0x7671g-flipols-projects.vercel.app,dpl_37DHdigqJrB2Kv7qNFeJkEeYcfjR,10,cdg1,,,,prj_4lWcEkMJHXTC1JI2aKjee3xfrJyQ,,,,,
2026-02-02 14:37:03,1770043023491,agencia-crm-saas.vercel.app/settings,GET,_rsc=fyoz6,304,k4lb2-1770043023491-463d6307a697,"Mozilla/5.0 (Windows NT 10.0; Win64; x64) AppleWebKit/537.36 (KHTML, like Gecko) Chrome/143.0.0.0 Safari/537.36",,production,main,HIT,static,/settings.segments/!KG1haW4p/settings.segment,agencia-crm-saas.vercel.app,agencia-crm-saas-1j0x7671g-flipols-projects.vercel.app,dpl_37DHdigqJrB2Kv7qNFeJkEeYcfjR,19,cdg1,,,,prj_4lWcEkMJHXTC1JI2aKjee3xfrJyQ,,,,,
2026-02-02 14:37:03,1770043023480,agencia-crm-saas.vercel.app/settings,GET,_rsc=i1620,304,k4lb2-1770043023480-393aad936253,"Mozilla/5.0 (Windows NT 10.0; Win64; x64) AppleWebKit/537.36 (KHTML, like Gecko) Chrome/143.0.0.0 Safari/537.36",,production,main,HIT,static,/settings.segments/!KG1haW4p.segment,agencia-crm-saas.vercel.app,agencia-crm-saas-1j0x7671g-flipols-projects.vercel.app,dpl_37DHdigqJrB2Kv7qNFeJkEeYcfjR,8,cdg1,,,,prj_4lWcEkMJHXTC1JI2aKjee3xfrJyQ,,,,,
2026-02-02 14:37:03,1770043023479,agencia-crm-saas.vercel.app/settings,GET,_rsc=14yts,304,vwgqx-1770043023479-2b60425baccd,"Mozilla/5.0 (Windows NT 10.0; Win64; x64) AppleWebKit/537.36 (KHTML, like Gecko) Chrome/143.0.0.0 Safari/537.36",,production,main,HIT,static,/settings.segments/_head.segment,agencia-crm-saas.vercel.app,agencia-crm-saas-1j0x7671g-flipols-projects.vercel.app,dpl_37DHdigqJrB2Kv7qNFeJkEeYcfjR,146,cdg1,,,,prj_4lWcEkMJHXTC1JI2aKjee3xfrJyQ,,,,,
2026-02-02 14:37:03,1770043023453,agencia-crm-saas.vercel.app/settings,GET,_rsc=3siwc,304,dbk86-1770043023453-3be4dcb16980,"Mozilla/5.0 (Windows NT 10.0; Win64; x64) AppleWebKit/537.36 (KHTML, like Gecko) Chrome/143.0.0.0 Safari/537.36",,production,main,HIT,static,/settings.segments/_index.segment,agencia-crm-saas.vercel.app,agencia-crm-saas-1j0x7671g-flipols-projects.vercel.app,dpl_37DHdigqJrB2Kv7qNFeJkEeYcfjR,5,cdg1,,,,prj_4lWcEkMJHXTC1JI2aKjee3xfrJyQ,,,,,
2026-02-02 14:37:03,1770043023441,agencia-crm-saas.vercel.app/pipeline,GET,_rsc=1c1h1,304,dbk86-1770043023441-44049caa2f71,"Mozilla/5.0 (Windows NT 10.0; Win64; x64) AppleWebKit/537.36 (KHTML, like Gecko) Chrome/143.0.0.0 Safari/537.36",,production,main,HIT,static,/pipeline.segments/_tree.segment,agencia-crm-saas.vercel.app,agencia-crm-saas-1j0x7671g-flipols-projects.vercel.app,dpl_37DHdigqJrB2Kv7qNFeJkEeYcfjR,7,cdg1,,,,prj_4lWcEkMJHXTC1JI2aKjee3xfrJyQ,,,,,
2026-02-02 14:37:03,1770043023432,agencia-crm-saas.vercel.app/contacts,GET,_rsc=1c1h1,304,dbk86-1770043023432-f0423fce5166,"Mozilla/5.0 (Windows NT 10.0; Win64; x64) AppleWebKit/537.36 (KHTML, like Gecko) Chrome/143.0.0.0 Safari/537.36",,production,main,HIT,static,/contacts.segments/_tree.segment,agencia-crm-saas.vercel.app,agencia-crm-saas-1j0x7671g-flipols-projects.vercel.app,dpl_37DHdigqJrB2Kv7qNFeJkEeYcfjR,5,cdg1,,,,prj_4lWcEkMJHXTC1JI2aKjee3xfrJyQ,,,,,
2026-02-02 14:37:03,1770043023401,agencia-crm-saas.vercel.app/tasks,GET,_rsc=1c1h1,304,dbk86-1770043023401-39b32e04c19f,"Mozilla/5.0 (Windows NT 10.0; Win64; x64) AppleWebKit/537.36 (KHTML, like Gecko) Chrome/143.0.0.0 Safari/537.36",,production,main,HIT,static,/tasks.segments/_tree.segment,agencia-crm-saas.vercel.app,agencia-crm-saas-1j0x7671g-flipols-projects.vercel.app,dpl_37DHdigqJrB2Kv7qNFeJkEeYcfjR,19,cdg1,,,,prj_4lWcEkMJHXTC1JI2aKjee3xfrJyQ,,,,,
2026-02-02 14:37:03,1770043023392,agencia-crm-saas.vercel.app/invoices,GET,_rsc=1c1h1,200,lpmtr-1770043023392-72f021ade112,"Mozilla/5.0 (Windows NT 10.0; Win64; x64) AppleWebKit/537.36 (KHTML, like Gecko) Chrome/143.0.0.0 Safari/537.36",,production,main,STALE,function,/invoices.segments/_tree.segment.rsc,agencia-crm-saas.vercel.app,agencia-crm-saas-1j0x7671g-flipols-projects.vercel.app,dpl_37DHdigqJrB2Kv7qNFeJkEeYcfjR,532,iad1,304,2048,,prj_4lWcEkMJHXTC1JI2aKjee3xfrJyQ,,,01KGFCJ8JQPXDYQSFBJMJD02HT,kIi9jHHMA2ds,1
2026-02-02 14:37:03,1770043023392,agencia-crm-saas.vercel.app/invoices,GET,_rsc=1c1h1,200,lpmtr-1770043023392-72f021ade112,"Mozilla/5.0 (Windows NT 10.0; Win64; x64) AppleWebKit/537.36 (KHTML, like Gecko) Chrome/143.0.0.0 Safari/537.36",,production,main,STALE,static,/invoices.segments/_tree.segment,agencia-crm-saas.vercel.app,agencia-crm-saas-1j0x7671g-flipols-projects.vercel.app,dpl_37DHdigqJrB2Kv7qNFeJkEeYcfjR,17,cdg1,,,,prj_4lWcEkMJHXTC1JI2aKjee3xfrJyQ,,,,,
2026-02-02 14:37:03,1770043023392,agencia-crm-saas.vercel.app/team-chat,GET,_rsc=1c1h1,304,dbk86-1770043023392-ed697e4811e0,"Mozilla/5.0 (Windows NT 10.0; Win64; x64) AppleWebKit/537.36 (KHTML, like Gecko) Chrome/143.0.0.0 Safari/537.36",,production,main,HIT,static,/team-chat.segments/_tree.segment,agencia-crm-saas.vercel.app,agencia-crm-saas-1j0x7671g-flipols-projects.vercel.app,dpl_37DHdigqJrB2Kv7qNFeJkEeYcfjR,8,cdg1,,,,prj_4lWcEkMJHXTC1JI2aKjee3xfrJyQ,,,,,
2026-02-02 14:37:03,1770043023383,agencia-crm-saas.vercel.app/meetings,GET,_rsc=1c1h1,200,qh8hj-1770043023383-6115d9f36a0c,"Mozilla/5.0 (Windows NT 10.0; Win64; x64) AppleWebKit/537.36 (KHTML, like Gecko) Chrome/143.0.0.0 Safari/537.36",,production,main,HIT,static,/meetings.segments/_tree.segment,agencia-crm-saas.vercel.app,agencia-crm-saas-1j0x7671g-flipols-projects.vercel.app,dpl_37DHdigqJrB2Kv7qNFeJkEeYcfjR,190,cdg1,,,,prj_4lWcEkMJHXTC1JI2aKjee3xfrJyQ,,,,,
2026-02-02 14:37:03,1770043023355,agencia-crm-saas.vercel.app/lead-scraper,GET,_rsc=1c1h1,304,k4lb2-1770043023355-1186b193380f,"Mozilla/5.0 (Windows NT 10.0; Win64; x64) AppleWebKit/537.36 (KHTML, like Gecko) Chrome/143.0.0.0 Safari/537.36",,production,main,HIT,static,/lead-scraper.segments/_tree.segment,agencia-crm-saas.vercel.app,agencia-crm-saas-1j0x7671g-flipols-projects.vercel.app,dpl_37DHdigqJrB2Kv7qNFeJkEeYcfjR,4,cdg1,,,,prj_4lWcEkMJHXTC1JI2aKjee3xfrJyQ,,,,,
2026-02-02 14:37:03,1770043023355,agencia-crm-saas.vercel.app/expenses,GET,_rsc=1c1h1,304,9gphx-1770043023355-38e3e26c311e,"Mozilla/5.0 (Windows NT 10.0; Win64; x64) AppleWebKit/537.36 (KHTML, like Gecko) Chrome/143.0.0.0 Safari/537.36",,production,main,HIT,static,/expenses.segments/_tree.segment,agencia-crm-saas.vercel.app,agencia-crm-saas-1j0x7671g-flipols-projects.vercel.app,dpl_37DHdigqJrB2Kv7qNFeJkEeYcfjR,6,cdg1,,,,prj_4lWcEkMJHXTC1JI2aKjee3xfrJyQ,,,,,
2026-02-02 14:37:03,1770043023346,agencia-crm-saas.vercel.app/settings,GET,_rsc=1c1h1,304,qh8hj-1770043023346-c7bc2877e39e,"Mozilla/5.0 (Windows NT 10.0; Win64; x64) AppleWebKit/537.36 (KHTML, like Gecko) Chrome/143.0.0.0 Safari/537.36",,production,main,HIT,static,/settings.segments/_tree.segment,agencia-crm-saas.vercel.app,agencia-crm-saas-1j0x7671g-flipols-projects.vercel.app,dpl_37DHdigqJrB2Kv7qNFeJkEeYcfjR,23,cdg1,,,,prj_4lWcEkMJHXTC1JI2aKjee3xfrJyQ,,,,,
2026-02-02 14:37:03,1770043023340,agencia-crm-saas.vercel.app/dashboard,GET,_rsc=1c1h1,304,k4lb2-1770043023340-af2846356993,"Mozilla/5.0 (Windows NT 10.0; Win64; x64) AppleWebKit/537.36 (KHTML, like Gecko) Chrome/143.0.0.0 Safari/537.36",,production,main,HIT,static,/dashboard.segments/_tree.segment,agencia-crm-saas.vercel.app,agencia-crm-saas-1j0x7671g-flipols-projects.vercel.app,dpl_37DHdigqJrB2Kv7qNFeJkEeYcfjR,10,cdg1,,,,prj_4lWcEkMJHXTC1JI2aKjee3xfrJyQ,,,,,
2026-02-02 14:37:01,1770043021942,agencia-crm-saas.vercel.app/meetings,POST,,200,4n6ln-1770043021942-c24739bee76c,"Mozilla/5.0 (Windows NT 10.0; Win64; x64) AppleWebKit/537.36 (KHTML, like Gecko) Chrome/143.0.0.0 Safari/537.36",,production,main,HIT,cache,/meetings,agencia-crm-saas.vercel.app,agencia-crm-saas-1j0x7671g-flipols-projects.vercel.app,dpl_37DHdigqJrB2Kv7qNFeJkEeYcfjR,1271,iad1,294,2048,,prj_4lWcEkMJHXTC1JI2aKjee3xfrJyQ,,,01KGFCJ6TYF448J4BE9Y9QG58Q,kIi9jHHMA2ds,1
2026-02-02 14:37:01,1770043021942,agencia-crm-saas.vercel.app/meetings,POST,,200,4n6ln-1770043021942-c24739bee76c,"Mozilla/5.0 (Windows NT 10.0; Win64; x64) AppleWebKit/537.36 (KHTML, like Gecko) Chrome/143.0.0.0 Safari/537.36",,production,main,HIT,static,/meetings,agencia-crm-saas.vercel.app,agencia-crm-saas-1j0x7671g-flipols-projects.vercel.app,dpl_37DHdigqJrB2Kv7qNFeJkEeYcfjR,1888,cdg1,,,,prj_4lWcEkMJHXTC1JI2aKjee3xfrJyQ,,,,,
2026-02-02 14:37:01,1770043021128,agencia-crm-saas.vercel.app/dashboard,GET,_rsc=8j4j4,304,rwd9w-1770043021128-ef13035b4f93,"Mozilla/5.0 (Windows NT 10.0; Win64; x64) AppleWebKit/537.36 (KHTML, like Gecko) Chrome/143.0.0.0 Safari/537.36",,production,main,HIT,static,/dashboard.segments/!KG1haW4p/dashboard/__PAGE__.segment,agencia-crm-saas.vercel.app,agencia-crm-saas-1j0x7671g-flipols-projects.vercel.app,dpl_37DHdigqJrB2Kv7qNFeJkEeYcfjR,8,cdg1,,,,prj_4lWcEkMJHXTC1JI2aKjee3xfrJyQ,,,,,
2026-02-02 14:37:01,1770043021128,agencia-crm-saas.vercel.app/dashboard,GET,_rsc=jc7y3,304,lpmtr-1770043021128-78e2b1bc13f4,"Mozilla/5.0 (Windows NT 10.0; Win64; x64) AppleWebKit/537.36 (KHTML, like Gecko) Chrome/143.0.0.0 Safari/537.36",,production,main,HIT,static,/dashboard.segments/!KG1haW4p/dashboard.segment,agencia-crm-saas.vercel.app,agencia-crm-saas-1j0x7671g-flipols-projects.vercel.app,dpl_37DHdigqJrB2Kv7qNFeJkEeYcfjR,3,cdg1,,,,prj_4lWcEkMJHXTC1JI2aKjee3xfrJyQ,,,,,
2026-02-02 14:37:01,1770043021114,agencia-crm-saas.vercel.app/dashboard,GET,_rsc=i1620,200,vwgqx-1770043021114-483d12f75a43,"Mozilla/5.0 (Windows NT 10.0; Win64; x64) AppleWebKit/537.36 (KHTML, like Gecko) Chrome/143.0.0.0 Safari/537.36",,production,main,PRERENDER,static,/dashboard.segments/!KG1haW4p.segment,agencia-crm-saas.vercel.app,agencia-crm-saas-1j0x7671g-flipols-projects.vercel.app,dpl_37DHdigqJrB2Kv7qNFeJkEeYcfjR,280,cdg1,,,,prj_4lWcEkMJHXTC1JI2aKjee3xfrJyQ,,,,,
2026-02-02 14:37:01,1770043021114,agencia-crm-saas.vercel.app/dashboard,GET,_rsc=3siwc,200,4n6ln-1770043021114-3f158b2f1a7e,"Mozilla/5.0 (Windows NT 10.0; Win64; x64) AppleWebKit/537.36 (KHTML, like Gecko) Chrome/143.0.0.0 Safari/537.36",,production,main,PRERENDER,static,/dashboard.segments/_index.segment,agencia-crm-saas.vercel.app,agencia-crm-saas-1j0x7671g-flipols-projects.vercel.app,dpl_37DHdigqJrB2Kv7qNFeJkEeYcfjR,252,cdg1,,,,prj_4lWcEkMJHXTC1JI2aKjee3xfrJyQ,,,,,
2026-02-02 14:37:01,1770043021112,agencia-crm-saas.vercel.app/dashboard,GET,_rsc=14yts,304,lpmtr-1770043021112-3309d22f0a4f,"Mozilla/5.0 (Windows NT 10.0; Win64; x64) AppleWebKit/537.36 (KHTML, like Gecko) Chrome/143.0.0.0 Safari/537.36",,production,main,HIT,static,/dashboard.segments/_head.segment,agencia-crm-saas.vercel.app,agencia-crm-saas-1j0x7671g-flipols-projects.vercel.app,dpl_37DHdigqJrB2Kv7qNFeJkEeYcfjR,10,cdg1,,,,prj_4lWcEkMJHXTC1JI2aKjee3xfrJyQ,,,,,
2026-02-02 14:37:01,1770043021050,agencia-crm-saas.vercel.app/dashboard,GET,_rsc=1c1h1,304,4n6ln-1770043021050-aeae7d741a6e,"Mozilla/5.0 (Windows NT 10.0; Win64; x64) AppleWebKit/537.36 (KHTML, like Gecko) Chrome/143.0.0.0 Safari/537.36",,production,main,HIT,static,/dashboard.segments/_tree.segment,agencia-crm-saas.vercel.app,agencia-crm-saas-1j0x7671g-flipols-projects.vercel.app,dpl_37DHdigqJrB2Kv7qNFeJkEeYcfjR,25,cdg1,,,,prj_4lWcEkMJHXTC1JI2aKjee3xfrJyQ,,,,,
2026-02-02 14:35:05,1770042905167,agencia-crm-saas.vercel.app/api/cron/email-sync,GET,secret=aurie-maquina-2026,200,52hsn-1770042904914-d42c642100ea,Mozilla/4.0 (compatible; cron-job.org; http://cron-job.org/abuse/),info,production,main,MISS,function,/api/cron/email-sync,agencia-crm-saas.vercel.app,agencia-crm-saas.vercel.app,dpl_37DHdigqJrB2Kv7qNFeJkEeYcfjR,,,,,[Sync] Iniciando sincronización global de emails via IMAP...,prj_4lWcEkMJHXTC1JI2aKjee3xfrJyQ,,,,,
2026-02-02 14:35:16,1770042916813,agencia-crm-saas.vercel.app/api/cron/email-sync,GET,secret=aurie-maquina-2026,200,52hsn-1770042904914-d42c642100ea,Mozilla/4.0 (compatible; cron-job.org; http://cron-job.org/abuse/),info,production,main,MISS,function,/api/cron/email-sync,agencia-crm-saas.vercel.app,agencia-crm-saas.vercel.app,dpl_37DHdigqJrB2Kv7qNFeJkEeYcfjR,,,,,[Sync] Sincronización completada. 0 correos nuevos notificados.,prj_4lWcEkMJHXTC1JI2aKjee3xfrJyQ,,,,,
2026-02-02 14:35:04,1770042904914,agencia-crm-saas.vercel.app/api/cron/email-sync,GET,secret=aurie-maquina-2026,200,52hsn-1770042904914-d42c642100ea,Mozilla/4.0 (compatible; cron-job.org; http://cron-job.org/abuse/),,production,main,MISS,function,/api/cron/email-sync,agencia-crm-saas.vercel.app,agencia-crm-saas.vercel.app,dpl_37DHdigqJrB2Kv7qNFeJkEeYcfjR,11667,iad1,313,2048,,prj_4lWcEkMJHXTC1JI2aKjee3xfrJyQ,,,01KGFCEMHKKVHZ9H6HXBYEDJ6B,DZSQWk8OEspD,1